Model,Year,Price,Transmission,Mileage,Fuel Type,Tax,MPG,Engine Size,Make
Q5,2022,51622,Automatic,5567,Hybrid,240.17,26.11,2.4,Audi
A3,2019,38205,Manual,116724,Diesel,446.47,38.81,3.1,Audi
X1,2018,55826,Manual,36370,Diesel,103.07,41.55,1.0,BMW
Escape,2023,33897,Semi-Auto,144429,Electric,447.93,30.55,2.2,Ford
Pilot,2017,49205,Manual,54323,Diesel,238.78,47.73,1.2,Honda
Altima,2017,54805,Manual,82079,Petrol,481.43,53.52,1.7,Nissan
X1,2020,42522,Semi-Auto,88631,Hybrid,312.65,35.88,1.1,BMW
Mustang,2022,57273,Manual,118265,Petrol,148.84,41.05,1.4,Ford
Mustang,2015,30649,Semi-Auto,17949,Diesel,114.26,21.08,1.9,Ford
X-Trail,2015,50231,Semi-Auto,47524,Petrol,353.92,43.24,3.1,Nissan
Fiesta,2021,27709,Manual,50047,Petrol,444.22,40.61,1.7,Ford
Focus,2015,21345,Manual,18419,Petrol,486.96,48.34,1.7,Ford
Highlander,2020,40644,Automatic,119992,Hybrid,388.65,55.46,2.4,Toyota
A3,2021,42102,Manual,15305,Electric,261.72,55.77,2.8,Audi
Golf,2022,15498,Semi-Auto,75420,Electric,273.39,35.27,3.3,Volkswagen
Micra,2021,46140,Semi-Auto,21680,Diesel,388.94,28.83,2.7,Nissan
Focus,2015,59523,Automatic,14551,Hybrid,304.18,25.01,3.8,Ford
Corolla,2017,58737,Manual,131743,Petrol,360.73,51.58,2.1,Toyota
A3,2016,36708,Manual,39288,Electric,335.49,39.32,1.4,Audi
Creta,2019,26088,Automatic,75788,Hybrid,417.56,36.11,2.0,Hyundai
Camry,2017,40931,Semi-Auto,123640,Electric,205.57,42.45,2.8,Toyota
Mustang,2022,50726,Manual,123541,Petrol,394.52,31.41,1.9,Ford
Q7,2015,22680,Semi-Auto,119450,Electric,395.43,25.66,2.2,Audi
Sentra,2018,37584,Manual,95511,Hybrid,278.97,51.73,1.2,Nissan
Altima,2023,49206,Automatic,37485,Diesel,285.42,20.92,2.3,Nissan
Sentra,2016,39471,Manual,71949,Hybrid,364.58,40.69,1.3,Nissan
Tucson,2015,32286,Automatic,138292,Petrol,181.48,58.1,2.2,Hyundai
Golf,2015,18697,Automatic,39174,Electric,373.54,44.17,2.4,Volkswagen
Passat,2018,27642,Automatic,119904,Electric,465.47,54.13,1.5,Volkswagen
A4,2022,38970,Semi-Auto,136704,Electric,158.57,28.77,1.2,Audi
Creta,2022,52540,Manual,103978,Diesel,116.46,39.95,1.5,Hyundai
Q7,2016,57044,Manual,98055,Electric,235.67,59.43,3.1,Audi
Sportage,2023,30231,Manual,5260,Hybrid,370.36,39.91,3.7,Kia
GLA,2017,53409,Semi-Auto,15407,Diesel,287.96,41.2,1.7,Mercedes
A3,2019,26869,Manual,122202,Petrol,475.5,42.85,3.6,Audi
Fiesta,2020,59219,Automatic,94517,Petrol,344.35,44.33,1.0,Ford
Seltos,2018,46124,Automatic,68725,Hybrid,295.62,28.03,1.1,Kia
GLA,2019,40089,Manual,10045,Petrol,376.08,48.57,1.6,Mercedes
X-Trail,2017,16556,Automatic,103624,Hybrid,243.86,49.81,2.2,Nissan
Corolla,2017,57627,Automatic,111266,Diesel,357.06,20.02,2.0,Toyota
Creta,2015,32460,Semi-Auto,23120,Petrol,392.47,36.99,1.9,Hyundai
Sorento,2019,33610,Automatic,34231,Hybrid,262.06,54.42,2.1,Kia
Passat,2015,27502,Automatic,138626,Electric,271.42,30.46,3.7,Volkswagen
Fiesta,2022,52981,Automatic,89154,Diesel,182.68,33.54,2.3,Ford
3 Series,2015,48345,Semi-Auto,124574,Diesel,250.46,53.31,1.6,BMW
Tiguan,2021,48571,Semi-Auto,54644,Electric,400.43,21.69,2.4,Volkswagen
Camry,2022,54217,Automatic,76111,Petrol,459.55,23.74,1.5,Toyota
Micra,2023,37174,Semi-Auto,91268,Hybrid,443.08,26.68,2.2,Nissan
Q5,2021,43852,Manual,65728,Petrol,306.81,26.5,2.7,Audi
Polo,2016,22651,Automatic,83198,Diesel,133.37,55.56,3.7,Volkswagen
Civic,2020,50085,Manual,67077,Petrol,129.98,25.94,3.8,Honda
Highlander,2020,32286,Automatic,85625,Hybrid,316.4,52.72,3.6,Toyota
3 Series,2022,17947,Automatic,110151,Petrol,483.67,32.69,2.3,BMW
CR-V,2020,35042,Automatic,49148,Hybrid,341.63,57.24,3.7,Honda
X3,2023,17916,Semi-Auto,87255,Electric,322.22,34.13,3.3,BMW
X-Trail,2016,18124,Automatic,139645,Petrol,371.49,31.93,3.7,Nissan
5 Series,2021,49196,Semi-Auto,53682,Hybrid,283.32,32.98,1.4,BMW
Mustang,2016,43643,Manual,106180,Electric,303.11,54.51,1.0,Ford
A3,2016,25305,Manual,112785,Diesel,459.66,48.73,3.1,Audi
Seltos,2022,55362,Semi-Auto,125024,Hybrid,466.08,58.11,3.9,Kia
Polo,2016,34278,Semi-Auto,96615,Petrol,440.01,53.62,3.6,Volkswagen
Civic,2020,24929,Automatic,122415,Electric,372.68,22.86,1.1,Honda
Sorento,2021,48471,Manual,8280,Petrol,494.7,20.3,2.1,Kia
5 Series,2022,16449,Automatic,37310,Diesel,338.94,30.35,2.7,BMW
Escape,2021,22397,Manual,108104,Hybrid,248.76,37.74,1.3,Ford
A4,2023,38396,Semi-Auto,104800,Electric,499.81,21.96,1.3,Audi
i20,2020,20145,Semi-Auto,45332,Diesel,117.14,55.74,2.2,Hyundai
Creta,2019,42445,Automatic,79767,Petrol,379.61,53.29,2.4,Hyundai
3 Series,2018,39294,Automatic,54659,Petrol,375.56,40.79,1.5,BMW
CR-V,2020,59860,Manual,81267,Electric,333.62,35.06,2.3,Honda
GLA,2020,25519,Manual,125088,Electric,107.16,51.47,1.4,Mercedes
Pilot,2015,38579,Manual,105720,Petrol,307.62,31.84,2.8,Honda
E-Class,2019,19477,Semi-Auto,133510,Hybrid,148.67,37.5,3.3,Mercedes
A4,2017,36649,Automatic,21590,Hybrid,391.06,56.54,2.8,Audi
CR-V,2022,37064,Manual,125368,Petrol,325.61,44.12,3.4,Honda
Corolla,2021,20180,Semi-Auto,48151,Hybrid,433.93,36.68,3.0,Toyota
X-Trail,2021,50113,Semi-Auto,93048,Hybrid,406.78,36.84,1.5,Nissan
E-Class,2022,28838,Automatic,58733,Diesel,492.52,52.77,3.1,Mercedes
A-Class,2020,48143,Manual,56177,Electric,187.62,45.4,1.9,Mercedes
GLA,2020,28615,Automatic,19105,Electric,334.95,46.17,1.2,Mercedes
Pilot,2022,57763,Manual,23269,Hybrid,129.78,29.34,3.9,Honda
i20,2021,27824,Manual,95654,Petrol,450.72,36.87,2.8,Hyundai
X-Trail,2023,38117,Automatic,115697,Hybrid,351.86,49.52,2.8,Nissan
Passat,2023,34010,Automatic,33347,Electric,230.42,41.1,1.2,Volkswagen
Micra,2015,47190,Manual,64891,Diesel,400.83,24.33,2.3,Nissan
3 Series,2015,16370,Semi-Auto,19720,Electric,469.67,59.46,3.9,BMW
Civic,2019,34610,Semi-Auto,134553,Petrol,143.88,54.1,3.8,Honda
3 Series,2022,19958,Manual,52702,Electric,434.8,56.61,1.1,BMW
A-Class,2022,45226,Manual,53853,Diesel,413.73,56.14,1.6,Mercedes
Escape,2022,26320,Manual,149120,Electric,442.77,49.02,2.5,Ford
Camry,2018,47281,Automatic,86816,Petrol,148.44,45.69,3.0,Toyota
GLA,2019,23438,Manual,139536,Electric,407.08,26.87,2.6,Mercedes
Q7,2019,38294,Manual,73473,Diesel,392.07,57.79,1.9,Audi
Sportage,2018,59736,Semi-Auto,134097,Petrol,430.83,50.54,1.6,Kia
Mustang,2018,45729,Manual,77466,Electric,426.81,26.51,2.0,Ford
Corolla,2021,36725,Automatic,134636,Electric,458.44,47.49,3.9,Toyota
Highlander,2023,15732,Manual,94909,Electric,114.51,27.56,3.3,Toyota
Civic,2022,59087,Automatic,142262,Diesel,436.71,40.34,2.5,Honda
Focus,2023,18696,Automatic,7004,Hybrid,249.78,25.2,2.5,Ford
Camry,2017,21408,Semi-Auto,40260,Diesel,192.88,38.06,2.3,Toyota
Sorento,2016,17399,Automatic,131005,Diesel,200.36,26.13,2.9,Kia
Civic,2016,30732,Semi-Auto,104612,Petrol,476.23,30.07,2.7,Honda
i10,2022,26864,Manual,88189,Petrol,104.05,42.37,3.6,Hyundai
3 Series,2017,55191,Automatic,67458,Hybrid,487.04,28.37,3.9,BMW
Accord,2018,41414,Semi-Auto,136462,Electric,269.07,47.11,2.8,Honda
Camry,2017,16869,Manual,122364,Diesel,270.31,41.34,2.0,Toyota
Tucson,2023,15070,Manual,113823,Diesel,168.78,25.37,3.0,Hyundai
Rio,2019,52559,Manual,136107,Hybrid,448.28,31.85,2.1,Kia
Tucson,2021,53646,Automatic,79907,Diesel,224.74,38.03,2.0,Hyundai
Rio,2019,21721,Semi-Auto,114248,Diesel,215.06,39.37,1.8,Kia
C-Class,2016,25883,Automatic,82184,Electric,431.63,25.44,3.9,Mercedes
RAV4,2016,19265,Semi-Auto,63625,Electric,355.27,47.42,3.0,Toyota
Sportage,2022,38614,Automatic,134487,Petrol,469.03,54.77,3.9,Kia
Golf,2019,21940,Semi-Auto,82161,Electric,329.55,24.7,1.7,Volkswagen
5 Series,2018,56003,Manual,20925,Petrol,263.66,41.5,3.5,BMW
Q7,2022,41025,Semi-Auto,38626,Hybrid,124.6,34.29,2.4,Audi
Polo,2023,21814,Automatic,89992,Electric,369.42,44.51,1.3,Volkswagen
X3,2015,38603,Automatic,59183,Electric,402.89,42.94,3.5,BMW
Focus,2015,42124,Automatic,53244,Hybrid,188.71,56.56,1.8,Ford
A-Class,2019,35165,Automatic,110514,Hybrid,258.6,36.93,1.7,Mercedes
Seltos,2023,59189,Automatic,72251,Diesel,402.72,36.71,1.5,Kia
Corolla,2022,39622,Automatic,72754,Petrol,397.44,47.7,2.0,Toyota
C-Class,2020,56890,Automatic,74755,Hybrid,136.24,50.18,2.8,Mercedes
Micra,2023,30770,Automatic,118176,Petrol,246.8,22.66,1.6,Nissan
Corolla,2019,50231,Semi-Auto,32532,Electric,206.16,30.54,2.0,Toyota
X3,2023,33727,Semi-Auto,17505,Electric,447.82,58.25,1.2,BMW
Polo,2018,18523,Manual,113954,Petrol,483.3,20.41,3.3,Volkswagen
Accord,2023,41149,Semi-Auto,47263,Electric,279.12,39.45,3.1,Honda
Civic,2019,41012,Manual,12080,Hybrid,212.97,35.23,2.7,Honda
Corolla,2016,49228,Automatic,79520,Petrol,450.44,28.68,2.5,Toyota
Sportage,2019,19269,Manual,143133,Electric,385.61,44.38,1.2,Kia
C-Class,2015,56899,Manual,26338,Electric,184.23,44.84,2.1,Mercedes
Tucson,2018,55059,Semi-Auto,129416,Petrol,462.67,23.23,1.3,Hyundai
5 Series,2018,46769,Automatic,106816,Electric,431.07,24.74,1.8,BMW
Tiguan,2015,40190,Semi-Auto,116524,Hybrid,424.47,49.66,1.9,Volkswagen
Pilot,2016,20222,Automatic,102310,Petrol,386.63,57.02,3.7,Honda
X1,2015,55908,Automatic,89220,Electric,358.26,52.8,1.1,BMW
X3,2020,57843,Automatic,28457,Hybrid,386.49,35.57,2.2,BMW
Civic,2016,27755,Automatic,52894,Electric,318.81,48.4,2.4,Honda
Rio,2021,36822,Manual,45472,Hybrid,282.56,51.13,1.1,Kia
Rio,2016,47392,Semi-Auto,55582,Diesel,390.55,25.85,1.7,Kia
Sorento,2018,45438,Manual,45712,Diesel,473.99,40.62,3.9,Kia
Polo,2018,28200,Automatic,65793,Hybrid,462.91,29.93,2.3,Volkswagen
E-Class,2020,39601,Manual,40262,Hybrid,429.48,31.35,3.6,Mercedes
Fiesta,2023,48792,Automatic,45748,Hybrid,260.61,24.38,4.0,Ford
CR-V,2018,49977,Semi-Auto,22767,Petrol,455.3,55.36,1.4,Honda
CR-V,2017,43873,Manual,67516,Hybrid,259.82,47.55,4.0,Honda
Pilot,2017,21041,Semi-Auto,86445,Petrol,333.77,33.84,1.5,Honda
Highlander,2018,22794,Manual,101533,Petrol,230.32,53.43,1.3,Toyota
E-Class,2019,55493,Manual,135174,Hybrid,431.67,56.47,1.4,Mercedes
3 Series,2016,44384,Automatic,103533,Electric,187.89,48.86,1.0,BMW
Mustang,2022,40504,Semi-Auto,135460,Diesel,234.21,20.38,3.6,Ford
i10,2015,20491,Automatic,65475,Petrol,468.36,45.44,2.5,Hyundai
Mustang,2016,22568,Manual,49682,Electric,400.57,32.61,1.3,Ford
Accord,2022,15946,Semi-Auto,130958,Petrol,178.01,53.35,1.6,Honda
Rio,2020,31754,Semi-Auto,10282,Electric,495.96,59.92,3.4,Kia
Tiguan,2015,33114,Semi-Auto,67920,Hybrid,440.72,43.42,3.8,Volkswagen
RAV4,2021,36767,Automatic,26324,Diesel,271.5,40.03,2.4,Toyota
Creta,2023,54368,Manual,25598,Petrol,285.01,56.09,2.0,Hyundai
GLA,2015,31777,Automatic,28129,Diesel,198.17,46.44,2.4,Mercedes
Mustang,2023,51870,Manual,138877,Electric,406.11,59.39,2.2,Ford
C-Class,2021,35663,Semi-Auto,46842,Petrol,346.38,34.27,1.8,Mercedes
X3,2023,33100,Semi-Auto,7065,Petrol,427.96,30.74,3.6,BMW
Accord,2017,52203,Manual,112608,Petrol,278.97,21.54,3.6,Honda
Micra,2022,58448,Manual,8035,Petrol,272.45,40.36,2.4,Nissan
Passat,2016,40495,Automatic,9178,Electric,434.41,29.05,3.1,Volkswagen
RAV4,2021,50403,Manual,94502,Petrol,463.02,28.88,2.3,Toyota
Tiguan,2021,59397,Manual,114884,Diesel,176.33,22.78,1.6,Volkswagen
A3,2022,47871,Automatic,141335,Electric,171.5,25.12,1.9,Audi
Polo,2018,23710,Automatic,116320,Hybrid,395.6,48.51,2.2,Volkswagen
A3,2020,53613,Semi-Auto,84024,Hybrid,292.01,41.03,3.4,Audi
X3,2018,40420,Automatic,131420,Electric,200.95,22.36,1.7,BMW
Q7,2018,18253,Automatic,16783,Electric,335.44,38.61,1.9,Audi
CR-V,2015,48993,Semi-Auto,75294,Hybrid,190.35,49.24,2.8,Honda
GLA,2019,56484,Semi-Auto,103099,Electric,114.44,22.17,2.8,Mercedes
Golf,2023,48712,Manual,5263,Petrol,107.13,37.91,3.7,Volkswagen
Sentra,2017,59981,Semi-Auto,27583,Petrol,103.19,40.53,1.7,Nissan
Focus,2019,31744,Automatic,28296,Hybrid,216.93,54.75,2.1,Ford
C-Class,2023,53226,Automatic,65764,Diesel,451.37,42.59,1.8,Mercedes
Rio,2019,49820,Automatic,103772,Diesel,149.12,45.5,2.6,Kia
A-Class,2019,24723,Automatic,106860,Diesel,457.18,57.97,3.6,Mercedes
E-Class,2022,18925,Semi-Auto,139845,Electric,468.76,45.36,3.0,Mercedes
Golf,2019,25148,Semi-Auto,109344,Petrol,429.22,51.81,4.0,Volkswagen
GLA,2023,56848,Manual,48319,Hybrid,254.55,22.67,4.0,Mercedes
i10,2018,35770,Automatic,115645,Petrol,162.99,21.07,1.3,Hyundai
Sorento,2023,31806,Semi-Auto,55607,Hybrid,264.03,40.6,2.9,Kia
Creta,2020,24824,Semi-Auto,92106,Electric,426.06,53.49,2.2,Hyundai
Focus,2022,39636,Automatic,39249,Hybrid,307.16,35.53,2.5,Ford
X-Trail,2020,41147,Semi-Auto,140638,Petrol,258.48,38.73,1.4,Nissan
Highlander,2018,16256,Semi-Auto,9861,Electric,272.3,26.31,1.7,Toyota
RAV4,2022,35248,Semi-Auto,65948,Electric,190.62,40.4,2.1,Toyota
Altima,2022,39452,Semi-Auto,34855,Petrol,426.65,25.89,3.8,Nissan
A-Class,2016,55495,Manual,32864,Petrol,133.36,39.49,1.1,Mercedes
Seltos,2018,40778,Manual,47893,Petrol,338.59,32.42,1.9,Kia
A-Class,2017,36867,Manual,84276,Diesel,335.21,32.63,3.8,Mercedes
A4,2016,57367,Automatic,143038,Hybrid,407.76,42.15,3.0,Audi
i10,2020,18958,Semi-Auto,114932,Hybrid,402.21,50.93,2.7,Hyundai
Rio,2019,59374,Automatic,58457,Electric,259.68,39.04,3.4,Kia
A-Class,2015,50434,Manual,92274,Hybrid,498.31,52.42,1.3,Mercedes
Creta,2015,28544,Semi-Auto,107201,Petrol,299.89,50.77,1.2,Hyundai
Polo,2015,24939,Semi-Auto,31922,Electric,424.18,58.61,2.1,Volkswagen
Sentra,2023,18132,Manual,137503,Petrol,240.9,57.61,3.1,Nissan
Accord,2023,29216,Semi-Auto,147040,Diesel,290.93,37.08,2.9,Honda
Creta,2016,20679,Manual,106628,Electric,450.97,27.29,1.6,Hyundai
Accord,2022,15547,Manual,20366,Hybrid,413.46,43.88,2.6,Honda
Mustang,2016,17428,Automatic,80325,Electric,211.91,28.59,3.3,Ford
X1,2023,36222,Manual,29409,Petrol,399.78,29.55,3.9,BMW
Rio,2021,50208,Manual,23144,Electric,393.37,36.44,1.1,Kia
i10,2019,35144,Semi-Auto,41284,Hybrid,442.92,22.81,1.0,Hyundai
Sportage,2019,51076,Automatic,71189,Petrol,393.2,32.4,2.7,Kia
Civic,2016,32388,Manual,92459,Hybrid,136.57,57.83,3.4,Honda
5 Series,2019,20213,Automatic,42169,Petrol,337.63,28.89,2.5,BMW
Q7,2019,19255,Semi-Auto,119615,Hybrid,259.34,52.83,3.5,Audi
X1,2016,23412,Automatic,125528,Petrol,256.79,52.11,2.4,BMW
A3,2015,29996,Semi-Auto,138799,Hybrid,332.04,43.55,1.2,Audi
Mustang,2022,29727,Semi-Auto,125505,Petrol,335.81,56.55,3.0,Ford
i20,2018,49080,Semi-Auto,24772,Petrol,474.91,59.09,2.8,Hyundai
Mustang,2020,35350,Semi-Auto,95179,Petrol,430.48,57.07,2.6,Ford
CR-V,2021,45029,Manual,93613,Electric,356.56,54.96,1.9,Honda
GLA,2019,37485,Semi-Auto,116037,Diesel,337.25,27.11,1.5,Mercedes
Sorento,2020,16124,Semi-Auto,130148,Hybrid,306.83,56.06,3.7,Kia
Camry,2016,23634,Semi-Auto,71688,Diesel,315.65,42.43,2.5,Toyota
A3,2016,37145,Semi-Auto,149731,Diesel,407.67,46.69,3.7,Audi
Tucson,2023,31068,Manual,143375,Electric,134.29,41.92,2.8,Hyundai
Micra,2015,19910,Automatic,109310,Electric,321.82,39.79,3.6,Nissan
Creta,2020,34764,Semi-Auto,38327,Petrol,343.92,54.67,2.0,Hyundai
CR-V,2018,44187,Manual,30179,Electric,149.56,54.66,1.2,Honda
Micra,2016,15363,Semi-Auto,141978,Hybrid,402.46,44.95,1.2,Nissan
Sorento,2022,50171,Semi-Auto,147747,Diesel,300.4,42.37,1.1,Kia
RAV4,2019,49657,Manual,120947,Diesel,133.91,27.88,3.8,Toyota
Mustang,2022,17384,Automatic,140420,Diesel,455.2,44.44,2.0,Ford
Pilot,2020,51353,Semi-Auto,54642,Petrol,419.51,52.82,1.9,Honda
Creta,2020,41869,Semi-Auto,68906,Diesel,274.41,40.74,1.3,Hyundai
Q5,2016,46574,Manual,75225,Hybrid,473.26,22.37,3.1,Audi
A3,2021,35794,Semi-Auto,89968,Petrol,466.37,40.89,2.2,Audi
Civic,2018,25984,Manual,132570,Hybrid,471.54,36.35,2.4,Honda
Sorento,2020,31883,Automatic,131752,Electric,392.63,35.9,2.8,Kia
Tiguan,2015,35127,Manual,112221,Diesel,235.83,46.99,3.3,Volkswagen
RAV4,2018,31919,Automatic,113455,Diesel,177.1,45.34,1.2,Toyota
Focus,2019,48165,Automatic,148082,Diesel,313.1,27.92,2.9,Ford
Creta,2019,46640,Semi-Auto,146898,Petrol,403.56,39.7,1.3,Hyundai
Corolla,2015,42180,Semi-Auto,5267,Electric,336.89,34.48,2.6,Toyota
A-Class,2021,56723,Automatic,31066,Electric,291.82,55.66,2.4,Mercedes
C-Class,2015,37424,Automatic,133180,Electric,443.57,31.44,1.8,Mercedes
RAV4,2018,32258,Automatic,109075,Diesel,447.81,40.11,3.0,Toyota
E-Class,2017,52020,Manual,85308,Electric,478.73,50.94,2.9,Mercedes
Altima,2017,39182,Automatic,78795,Petrol,344.62,20.57,2.9,Nissan
A-Class,2019,30812,Automatic,56962,Diesel,475.88,27.12,2.8,Mercedes
X3,2021,53080,Manual,135404,Electric,275.26,50.37,1.4,BMW
Seltos,2015,16255,Semi-Auto,51229,Petrol,213.3,51.09,3.9,Kia
Golf,2016,53715,Automatic,76869,Petrol,375.85,49.37,1.3,Volkswagen
Escape,2019,34879,Semi-Auto,133794,Hybrid,287.25,23.59,3.6,Ford
Micra,2023,28804,Manual,21196,Petrol,499.47,55.81,1.9,Nissan
Micra,2023,26144,Automatic,75457,Diesel,393.58,44.29,1.7,Nissan
A4,2015,23057,Automatic,132691,Electric,385.28,33.8,3.8,Audi
Civic,2020,29524,Semi-Auto,31190,Hybrid,129.11,31.4,1.3,Honda
X-Trail,2018,41032,Manual,59421,Hybrid,378.67,20.93,2.3,Nissan
Escape,2016,56844,Automatic,86250,Electric,428.7,25.15,1.7,Ford
Pilot,2016,49063,Automatic,114238,Diesel,272.13,35.84,3.0,Honda
Q7,2021,57306,Manual,91164,Electric,297.28,28.19,1.7,Audi
CR-V,2016,28413,Manual,65502,Hybrid,417.18,44.58,2.4,Honda
Tucson,2023,45800,Manual,26702,Electric,434.91,41.23,2.1,Hyundai
Corolla,2022,17945,Semi-Auto,59119,Petrol,465.79,59.04,3.4,Toyota
CR-V,2023,16800,Automatic,113206,Hybrid,465.46,50.06,3.7,Honda
CR-V,2016,54745,Semi-Auto,28810,Petrol,408.96,35.34,3.7,Honda
Tiguan,2021,33471,Automatic,44354,Hybrid,401.06,45.62,2.3,Volkswagen
E-Class,2015,30188,Automatic,76904,Hybrid,339.05,48.82,2.6,Mercedes
Seltos,2018,58046,Automatic,37561,Electric,108.87,23.2,3.7,Kia
E-Class,2016,34846,Semi-Auto,145758,Electric,363.96,22.75,3.2,Mercedes
RAV4,2023,49704,Automatic,123773,Petrol,255.78,28.81,3.5,Toyota
Escape,2015,18831,Semi-Auto,50867,Petrol,467.51,28.38,1.7,Ford
Fiesta,2017,44644,Manual,67128,Petrol,360.94,25.68,1.7,Ford
Escape,2019,30591,Semi-Auto,140341,Diesel,388.04,24.4,2.9,Ford
Q5,2021,33211,Semi-Auto,56437,Electric,136.94,46.44,1.9,Audi
Polo,2016,32670,Semi-Auto,58294,Diesel,474.39,28.77,3.2,Volkswagen
Creta,2020,39161,Automatic,109646,Diesel,248.92,37.34,3.5,Hyundai
Focus,2022,34817,Automatic,139195,Hybrid,411.86,41.01,2.5,Ford
Q5,2020,33247,Automatic,130162,Diesel,191.42,56.68,2.3,Audi
C-Class,2018,38947,Automatic,123781,Petrol,263.64,52.62,3.9,Mercedes
Seltos,2023,54568,Semi-Auto,146212,Electric,202.4,32.77,1.0,Kia
Micra,2018,47603,Semi-Auto,118692,Electric,488.35,42.76,3.1,Nissan
Focus,2021,58870,Semi-Auto,91630,Diesel,127.47,31.06,2.3,Ford
RAV4,2018,51025,Semi-Auto,141234,Diesel,126.91,20.42,2.6,Toyota
Golf,2018,29469,Automatic,59991,Diesel,169.58,51.26,1.8,Volkswagen
Golf,2021,26886,Semi-Auto,44733,Hybrid,141.07,41.49,2.1,Volkswagen
i20,2021,18295,Automatic,55991,Diesel,219.39,31.57,3.4,Hyundai
E-Class,2016,46488,Semi-Auto,73059,Electric,193.41,42.4,1.8,Mercedes
Accord,2021,41830,Automatic,80051,Hybrid,234.3,29.59,3.4,Honda
3 Series,2015,49802,Automatic,127400,Electric,173.84,43.35,2.6,BMW
Corolla,2022,33728,Automatic,10712,Diesel,365.48,56.71,3.1,Toyota
Highlander,2018,52205,Semi-Auto,106886,Hybrid,473.76,50.29,2.3,Toyota
C-Class,2020,36082,Automatic,15932,Hybrid,211.85,30.1,3.4,Mercedes
Accord,2023,49125,Manual,114222,Electric,219.36,48.89,1.8,Honda
Creta,2015,37261,Manual,124609,Hybrid,427.77,47.94,3.8,Hyundai
i20,2019,43000,Semi-Auto,23783,Electric,291.72,59.71,2.5,Hyundai
Polo,2015,49610,Manual,138528,Petrol,230.48,48.17,3.6,Volkswagen
3 Series,2016,46758,Manual,148391,Diesel,308.87,25.01,1.6,BMW
A3,2016,41686,Semi-Auto,93051,Electric,477.37,22.62,3.6,Audi
X1,2020,15798,Automatic,48287,Diesel,370.7,24.9,1.9,BMW
3 Series,2021,35152,Manual,144118,Diesel,342.57,39.6,3.6,BMW
5 Series,2022,40352,Semi-Auto,8646,Hybrid,376.34,37.98,3.7,BMW
Q7,2021,27493,Semi-Auto,26047,Petrol,376.86,41.27,2.9,Audi
Sorento,2022,19514,Automatic,97410,Electric,132.46,48.62,3.9,Kia
Accord,2015,52303,Automatic,130731,Petrol,390.51,40.17,2.3,Honda
GLA,2016,50159,Manual,100098,Petrol,266.27,41.65,1.2,Mercedes
Creta,2023,22613,Semi-Auto,119122,Petrol,144.48,22.96,2.4,Hyundai
C-Class,2019,48515,Automatic,45679,Electric,182.46,35.68,3.7,Mercedes
X1,2019,22647,Manual,65178,Petrol,131.56,42.79,3.1,BMW
GLA,2022,26282,Semi-Auto,85984,Diesel,364.64,51.83,2.1,Mercedes
Camry,2022,20139,Manual,75038,Electric,146.48,48.45,3.6,Toyota
Camry,2016,19705,Manual,56524,Diesel,456.47,53.01,3.2,Toyota
Seltos,2023,49642,Manual,98041,Electric,222.74,22.48,1.7,Kia
Civic,2021,27397,Manual,26684,Electric,437.3,57.55,1.6,Honda
i10,2015,39528,Manual,9648,Hybrid,137.12,27.92,2.2,Hyundai
i20,2020,48101,Automatic,145512,Diesel,233.02,51.96,1.8,Hyundai
Seltos,2019,19950,Manual,132014,Diesel,480.02,59.58,2.0,Kia
X1,2018,38667,Automatic,52998,Electric,224.44,22.3,2.9,BMW
Passat,2019,43975,Semi-Auto,14242,Petrol,475.08,31.15,3.9,Volkswagen
Camry,2023,23374,Automatic,14452,Hybrid,150.81,29.27,3.5,Toyota
Creta,2017,51318,Manual,70099,Hybrid,162.75,57.6,1.1,Hyundai
Q7,2021,15340,Manual,19545,Diesel,397.13,40.5,2.9,Audi
A3,2021,29822,Automatic,117946,Diesel,280.2,26.84,2.0,Audi
X3,2019,44460,Automatic,74343,Petrol,370.11,58.81,1.4,BMW
RAV4,2015,26045,Automatic,71326,Diesel,235.37,57.55,2.0,Toyota
Pilot,2022,16897,Automatic,10867,Petrol,236.21,20.91,1.2,Honda
C-Class,2018,37470,Automatic,28407,Hybrid,458.35,50.82,1.3,Mercedes
Sorento,2017,32641,Semi-Auto,87241,Hybrid,181.63,57.3,4.0,Kia
CR-V,2021,50691,Manual,110339,Petrol,435.85,35.93,1.0,Honda
Tucson,2021,46278,Automatic,6251,Hybrid,282.03,42.66,3.4,Hyundai
Altima,2019,22184,Semi-Auto,46781,Hybrid,385.8,53.79,3.6,Nissan
RAV4,2021,39529,Automatic,113386,Petrol,350.51,54.92,2.6,Toyota
Mustang,2018,21512,Semi-Auto,128431,Petrol,297.02,35.09,2.8,Ford
Rio,2015,55424,Automatic,33991,Petrol,440.64,56.84,3.1,Kia
E-Class,2015,22574,Automatic,116637,Hybrid,424.81,33.99,3.8,Mercedes
Sportage,2017,25888,Semi-Auto,69614,Electric,489.99,48.28,2.3,Kia
i20,2015,22802,Manual,98783,Petrol,228.29,31.33,3.5,Hyundai
Highlander,2016,55004,Manual,35994,Diesel,201.23,31.19,3.3,Toyota
Tucson,2023,47206,Automatic,92000,Diesel,350.35,37.28,1.8,Hyundai
CR-V,2016,33645,Semi-Auto,144221,Electric,383.31,41.62,3.7,Honda
Highlander,2016,54941,Automatic,40918,Hybrid,241.04,37.77,3.4,Toyota
C-Class,2019,36581,Manual,108608,Hybrid,282.68,23.85,2.5,Mercedes
Tiguan,2020,58971,Semi-Auto,73971,Petrol,115.29,25.47,2.1,Volkswagen
Q7,2020,25346,Automatic,46628,Hybrid,140.33,48.29,2.7,Audi
Q5,2015,47114,Semi-Auto,112880,Diesel,337.56,20.65,2.1,Audi
Mustang,2021,40807,Semi-Auto,79733,Diesel,468.19,39.31,2.6,Ford
Q7,2018,58858,Semi-Auto,89842,Hybrid,381.58,39.21,1.8,Audi
Altima,2017,42772,Semi-Auto,63908,Diesel,391.56,20.77,2.2,Nissan
Sportage,2019,36244,Automatic,97459,Diesel,315.57,57.25,1.7,Kia
i10,2019,44875,Automatic,22643,Electric,214.04,29.2,2.5,Hyundai
Golf,2018,58512,Semi-Auto,7749,Petrol,236.22,28.91,3.8,Volkswagen
Creta,2017,30341,Semi-Auto,52722,Hybrid,318.78,28.42,1.9,Hyundai
Fiesta,2019,49703,Semi-Auto,27480,Petrol,250.68,46.05,3.6,Ford
3 Series,2016,37902,Manual,33462,Diesel,266.74,30.8,1.1,BMW
CR-V,2018,18736,Manual,124115,Diesel,141.59,26.81,1.1,Honda
Golf,2016,24719,Automatic,129180,Diesel,466.87,47.86,3.5,Volkswagen
Tiguan,2020,58877,Automatic,40287,Electric,203.29,54.53,2.1,Volkswagen
Civic,2021,23993,Semi-Auto,9199,Hybrid,103.28,28.71,3.2,Honda
Civic,2015,39612,Automatic,69901,Petrol,472.34,57.17,2.6,Honda
i20,2018,46941,Automatic,8409,Petrol,272.42,51.09,3.1,Hyundai
Tucson,2019,51221,Semi-Auto,127462,Diesel,255.58,41.16,3.4,Hyundai
Q7,2022,25279,Automatic,15551,Diesel,113.51,45.99,3.9,Audi
i10,2019,17722,Semi-Auto,48511,Diesel,126.03,25.78,3.3,Hyundai
RAV4,2021,32181,Manual,104235,Hybrid,103.25,26.79,3.0,Toyota
GLA,2021,54211,Manual,49343,Petrol,348.86,32.53,3.6,Mercedes
Micra,2015,35064,Manual,68992,Petrol,404.85,43.68,1.7,Nissan
X1,2015,21411,Automatic,143818,Electric,345.18,20.91,1.3,BMW
Mustang,2019,43505,Manual,17606,Petrol,341.33,20.97,1.2,Ford
Seltos,2018,37579,Automatic,132154,Diesel,337.53,33.18,2.6,Kia
Mustang,2015,46509,Automatic,77289,Electric,229.47,49.66,1.5,Ford
X-Trail,2020,27961,Automatic,67126,Petrol,355.92,38.23,2.8,Nissan
Sorento,2015,34521,Automatic,63551,Electric,215.75,37.47,3.3,Kia
Escape,2018,37889,Manual,14357,Electric,405.95,47.27,1.9,Ford
Accord,2021,23758,Manual,130268,Petrol,225.32,24.75,2.5,Honda
X1,2022,15611,Semi-Auto,108031,Electric,193.18,54.35,3.0,BMW
Focus,2022,43973,Manual,135003,Diesel,400.76,37.22,2.3,Ford
3 Series,2016,41661,Manual,80444,Petrol,144.13,24.14,1.7,BMW
Corolla,2019,42117,Manual,9250,Hybrid,324.88,52.76,2.1,Toyota
GLA,2016,34249,Automatic,106579,Diesel,385.96,50.64,3.2,Mercedes
Passat,2015,57155,Manual,17491,Diesel,462.91,45.8,2.1,Volkswagen
i10,2016,53855,Semi-Auto,125011,Petrol,421.91,34.78,3.3,Hyundai
X-Trail,2022,31421,Automatic,71311,Electric,322.61,57.75,3.1,Nissan
Highlander,2021,33284,Manual,78350,Hybrid,412.52,34.86,1.8,Toyota
Creta,2020,58326,Automatic,89827,Petrol,126.84,59.93,2.6,Hyundai
X-Trail,2023,55636,Automatic,117039,Hybrid,162.15,51.87,1.7,Nissan
X-Trail,2017,36954,Manual,39461,Electric,203.83,52.24,1.1,Nissan
Sentra,2019,54006,Semi-Auto,105454,Hybrid,234.88,55.75,2.4,Nissan
Focus,2015,36858,Manual,114516,Diesel,330.44,25.65,3.3,Ford
Q5,2015,16584,Manual,83383,Petrol,345.79,24.78,2.1,Audi
GLA,2017,19714,Manual,87456,Hybrid,460.52,34.08,3.7,Mercedes
Q7,2019,54226,Semi-Auto,126625,Petrol,293.7,42.77,2.4,Audi
Focus,2022,16020,Automatic,113471,Electric,408.56,45.8,1.3,Ford
Sentra,2021,46595,Automatic,36175,Petrol,385.33,55.29,1.6,Nissan
Polo,2016,25055,Semi-Auto,110504,Electric,470.81,45.07,2.9,Volkswagen
Accord,2015,20895,Semi-Auto,80333,Hybrid,179.26,21.8,2.9,Honda
Sorento,2016,20433,Manual,107618,Diesel,456.83,54.97,3.9,Kia
Sorento,2019,50140,Semi-Auto,94908,Hybrid,141.77,56.33,2.9,Kia
Mustang,2018,36175,Automatic,95913,Diesel,242.07,45.75,3.7,Ford
Tiguan,2021,55061,Semi-Auto,55180,Petrol,180.02,36.47,1.6,Volkswagen
Seltos,2015,43171,Semi-Auto,96411,Electric,360.44,24.67,1.2,Kia
Pilot,2015,50078,Manual,118320,Hybrid,426.14,53.83,1.9,Honda
Tucson,2019,37189,Manual,58165,Diesel,184.24,25.76,3.6,Hyundai
i10,2022,21191,Manual,148342,Petrol,239.33,38.49,1.3,Hyundai
Creta,2022,21791,Semi-Auto,148603,Hybrid,422.89,59.54,2.7,Hyundai
Q5,2023,17885,Semi-Auto,94513,Diesel,466.65,31.37,3.2,Audi
Golf,2020,35322,Automatic,35389,Hybrid,251.02,38.37,2.4,Volkswagen
Corolla,2015,52427,Automatic,111303,Diesel,271.32,43.28,1.9,Toyota
X1,2016,59671,Automatic,111270,Diesel,474.23,26.48,1.4,BMW
i10,2018,40483,Manual,119906,Hybrid,400.82,43.58,3.6,Hyundai
Accord,2023,48351,Semi-Auto,97032,Electric,441.07,37.98,2.0,Honda
Rio,2018,54436,Automatic,141382,Diesel,368.45,58.56,1.8,Kia
Q7,2019,24199,Automatic,90439,Hybrid,334.97,47.31,1.2,Audi
Escape,2023,34507,Semi-Auto,122171,Petrol,299.69,43.44,1.9,Ford
GLA,2022,18451,Manual,93092,Petrol,312.06,45.81,3.7,Mercedes
C-Class,2019,45426,Manual,125799,Petrol,278.15,45.76,1.9,Mercedes
Civic,2018,53058,Automatic,132749,Electric,406.58,22.91,3.9,Honda
Creta,2019,38952,Automatic,22354,Electric,148.56,55.22,3.8,Hyundai
Micra,2015,35132,Semi-Auto,147161,Petrol,303.77,42.24,3.8,Nissan
Focus,2016,45061,Manual,116593,Diesel,434.08,59.52,3.7,Ford
RAV4,2023,46213,Automatic,22925,Diesel,237.53,31.19,1.1,Toyota
Escape,2022,35316,Manual,69200,Electric,419.63,37.98,3.3,Ford
Mustang,2020,44956,Manual,115429,Petrol,330.69,53.47,3.1,Ford
Escape,2020,36524,Semi-Auto,101508,Hybrid,289.7,27.76,1.7,Ford
Q5,2020,30081,Manual,145668,Petrol,136.98,29.76,3.4,Audi
CR-V,2021,47462,Manual,21150,Electric,184.29,45.22,2.4,Honda
Polo,2018,57031,Semi-Auto,68961,Electric,290.06,47.33,1.5,Volkswagen
CR-V,2015,22759,Semi-Auto,52034,Electric,146.54,39.17,2.1,Honda
Polo,2020,16413,Automatic,143111,Hybrid,190.2,29.23,2.7,Volkswagen
3 Series,2019,23866,Automatic,71025,Electric,359.29,49.1,1.6,BMW
Fiesta,2017,28026,Automatic,80759,Petrol,410.0,43.24,2.5,Ford
Sentra,2018,24779,Semi-Auto,99811,Diesel,429.94,51.06,1.2,Nissan
X3,2020,29750,Automatic,63624,Hybrid,282.16,58.5,1.4,BMW
E-Class,2017,33383,Manual,37983,Petrol,314.87,55.02,1.3,Mercedes
Sentra,2017,26065,Manual,9843,Electric,119.93,45.94,3.9,Nissan
i10,2020,51683,Manual,110849,Petrol,238.43,50.03,2.0,Hyundai
Corolla,2016,33760,Automatic,25564,Hybrid,249.72,52.69,3.8,Toyota
Focus,2017,49371,Manual,110626,Diesel,289.67,57.22,2.2,Ford
Camry,2017,46235,Automatic,36919,Hybrid,427.05,59.9,2.7,Toyota
Focus,2016,56004,Manual,31276,Diesel,496.63,54.76,3.7,Ford
E-Class,2023,18981,Manual,11412,Diesel,451.1,38.71,1.4,Mercedes
GLA,2021,28226,Automatic,54861,Electric,149.95,44.62,2.0,Mercedes
A-Class,2020,54910,Manual,15776,Petrol,232.45,55.6,3.3,Mercedes
Passat,2017,36343,Automatic,114265,Diesel,474.94,47.29,3.3,Volkswagen
Focus,2022,17188,Semi-Auto,130962,Hybrid,434.52,47.52,2.6,Ford
Corolla,2018,20424,Automatic,9587,Hybrid,393.26,29.07,3.2,Toyota
X1,2021,37118,Manual,88070,Electric,144.05,53.57,3.0,BMW
Q7,2022,40070,Semi-Auto,51684,Diesel,135.96,57.41,2.5,Audi
Mustang,2016,49406,Semi-Auto,63558,Hybrid,485.6,56.69,3.7,Ford
Focus,2018,22115,Automatic,109777,Petrol,273.28,40.73,2.6,Ford
Altima,2022,26015,Semi-Auto,99327,Hybrid,178.2,58.94,3.2,Nissan
Camry,2021,58233,Manual,43571,Hybrid,397.43,48.93,3.2,Toyota
Polo,2020,27065,Manual,91290,Hybrid,115.66,48.03,2.2,Volkswagen
Tiguan,2018,30897,Manual,37350,Diesel,443.21,49.83,3.7,Volkswagen
i20,2019,53734,Semi-Auto,89660,Hybrid,136.7,51.13,3.2,Hyundai
RAV4,2021,35127,Semi-Auto,64938,Diesel,294.98,22.97,2.0,Toyota
CR-V,2018,50863,Semi-Auto,26585,Electric,189.0,40.57,3.5,Honda
Seltos,2019,42940,Manual,149027,Petrol,301.78,34.35,1.1,Kia
Pilot,2023,23518,Automatic,64131,Electric,418.7,59.89,2.1,Honda
GLA,2023,58352,Automatic,17567,Electric,306.84,23.6,1.8,Mercedes
Rio,2019,46813,Automatic,53546,Electric,200.65,30.07,1.3,Kia
Tucson,2020,55902,Semi-Auto,21494,Petrol,439.51,59.36,1.1,Hyundai
Golf,2022,45159,Automatic,53999,Electric,321.7,44.05,1.1,Volkswagen
Accord,2022,35060,Automatic,53530,Electric,304.59,44.2,1.1,Honda
Rio,2015,27830,Automatic,109148,Diesel,461.34,47.68,1.1,Kia
E-Class,2020,36609,Automatic,140672,Diesel,251.78,23.68,1.6,Mercedes
A3,2021,16968,Manual,147172,Hybrid,334.89,53.69,1.1,Audi
X1,2021,57406,Semi-Auto,76658,Hybrid,214.62,25.92,1.4,BMW
Mustang,2018,26453,Automatic,43213,Diesel,402.12,28.97,3.1,Ford
CR-V,2021,44071,Semi-Auto,74085,Electric,228.1,32.66,2.6,Honda
E-Class,2022,50219,Semi-Auto,90824,Electric,276.25,43.11,2.1,Mercedes
Tucson,2023,40118,Automatic,58509,Diesel,370.86,36.36,2.0,Hyundai
Civic,2017,34902,Automatic,79835,Hybrid,328.06,28.22,2.8,Honda
A4,2019,47612,Semi-Auto,50547,Electric,282.42,49.45,1.9,Audi
Highlander,2015,25350,Manual,24602,Diesel,382.76,33.4,1.2,Toyota
Q5,2021,19419,Manual,107983,Hybrid,324.88,28.38,1.4,Audi
RAV4,2023,58442,Semi-Auto,67331,Petrol,125.76,38.44,3.6,Toyota
GLA,2017,19451,Semi-Auto,48468,Electric,184.95,20.33,1.3,Mercedes
Golf,2021,25077,Manual,62187,Electric,423.93,47.62,2.9,Volkswagen
A-Class,2022,49321,Manual,41133,Diesel,396.72,29.82,2.8,Mercedes
i20,2015,28666,Automatic,78390,Petrol,117.92,40.06,4.0,Hyundai
A-Class,2017,26082,Semi-Auto,78500,Hybrid,138.73,25.13,1.5,Mercedes
Accord,2019,50210,Semi-Auto,110426,Electric,435.09,51.59,1.7,Honda
Highlander,2019,24991,Semi-Auto,49968,Petrol,471.97,31.62,1.8,Toyota
Seltos,2023,26895,Manual,145465,Electric,269.44,45.88,2.5,Kia
A3,2020,21880,Semi-Auto,62757,Electric,179.65,31.92,2.8,Audi
Mustang,2016,30380,Automatic,93136,Petrol,432.41,36.49,2.3,Ford
Golf,2016,38929,Semi-Auto,50470,Diesel,361.69,31.99,1.7,Volkswagen
Civic,2015,26772,Manual,34792,Hybrid,215.24,24.71,3.8,Honda
Tucson,2018,20639,Automatic,60294,Petrol,387.68,33.26,1.4,Hyundai
Pilot,2019,35601,Manual,138637,Hybrid,246.71,21.94,3.4,Honda
Camry,2019,15594,Manual,34995,Electric,217.88,20.43,3.2,Toyota
5 Series,2017,28857,Automatic,147478,Petrol,186.53,49.19,2.7,BMW
3 Series,2020,52339,Semi-Auto,74276,Diesel,211.81,57.87,2.8,BMW
Sorento,2017,30321,Automatic,104606,Diesel,113.93,37.93,1.4,Kia
Accord,2015,34716,Automatic,36473,Diesel,150.65,32.56,2.1,Honda
Passat,2023,34174,Manual,85043,Diesel,457.08,27.8,3.5,Volkswagen
i20,2023,25356,Manual,90273,Petrol,218.65,20.62,3.6,Hyundai
Civic,2019,54894,Semi-Auto,89968,Electric,427.13,29.01,3.6,Honda
Sportage,2019,54146,Automatic,88451,Diesel,360.91,43.25,3.4,Kia
Escape,2019,41118,Manual,128045,Petrol,175.76,44.77,2.2,Ford
Sportage,2018,41648,Semi-Auto,54866,Petrol,159.18,49.47,3.2,Kia
Pilot,2021,34890,Manual,75951,Diesel,338.92,35.26,1.4,Honda
5 Series,2019,52778,Automatic,49723,Hybrid,346.28,35.87,3.2,BMW
X1,2020,32480,Automatic,94333,Electric,465.95,33.07,3.7,BMW
Corolla,2018,30083,Automatic,56624,Petrol,217.34,51.74,2.5,Toyota
i10,2019,47927,Semi-Auto,50275,Diesel,390.28,30.54,2.2,Hyundai
C-Class,2016,17370,Semi-Auto,74582,Electric,259.39,31.01,2.3,Mercedes
A3,2015,18967,Manual,134525,Diesel,298.25,53.82,2.9,Audi
Corolla,2016,45693,Manual,129998,Petrol,295.01,59.67,3.0,Toyota
5 Series,2019,56819,Manual,120773,Petrol,379.12,35.56,1.9,BMW
Accord,2021,39461,Manual,143269,Electric,122.98,46.95,1.8,Honda
X3,2017,35410,Manual,26274,Diesel,279.15,37.45,1.9,BMW
Highlander,2015,19812,Semi-Auto,143363,Diesel,355.4,52.65,1.9,Toyota
CR-V,2022,15835,Manual,11112,Hybrid,384.19,30.06,2.5,Honda
Civic,2023,56595,Automatic,133866,Hybrid,274.01,50.13,3.3,Honda
Q7,2018,49123,Manual,63678,Hybrid,264.41,43.1,3.6,Audi
Sentra,2023,23720,Semi-Auto,126503,Diesel,472.43,44.32,2.4,Nissan
Micra,2018,51900,Manual,123073,Hybrid,491.31,36.83,2.1,Nissan
X1,2017,41184,Semi-Auto,38562,Diesel,237.16,43.77,1.1,BMW
Mustang,2016,35895,Manual,58504,Hybrid,478.34,38.28,1.1,Ford
Passat,2023,45502,Manual,124179,Hybrid,386.74,56.93,3.9,Volkswagen
Polo,2020,15058,Semi-Auto,51790,Diesel,353.1,45.11,1.8,Volkswagen
Seltos,2015,54717,Semi-Auto,121566,Petrol,311.95,42.61,1.3,Kia
Camry,2023,54087,Semi-Auto,29518,Hybrid,359.44,46.24,3.8,Toyota
Camry,2023,58985,Manual,76451,Diesel,366.85,32.79,3.8,Toyota
Passat,2023,49485,Automatic,137896,Hybrid,272.33,21.02,1.0,Volkswagen
Pilot,2019,30595,Semi-Auto,95381,Electric,348.19,44.98,1.6,Honda
CR-V,2021,26487,Automatic,41360,Diesel,278.67,39.96,1.1,Honda
5 Series,2017,47083,Automatic,47651,Hybrid,302.76,29.46,2.9,BMW
Polo,2021,16346,Semi-Auto,109196,Diesel,225.68,55.56,1.5,Volkswagen
E-Class,2022,32852,Semi-Auto,69771,Electric,156.84,31.7,2.7,Mercedes
Altima,2022,24174,Manual,11632,Diesel,187.98,47.45,3.3,Nissan
CR-V,2017,20154,Semi-Auto,64598,Petrol,140.16,59.72,4.0,Honda
Camry,2022,46420,Semi-Auto,119134,Diesel,135.95,46.43,1.1,Toyota
Passat,2020,35498,Semi-Auto,69896,Petrol,358.62,28.69,1.1,Volkswagen
RAV4,2017,21453,Semi-Auto,98570,Hybrid,164.54,48.37,2.8,Toyota
Micra,2019,32005,Semi-Auto,52383,Hybrid,276.65,48.28,1.2,Nissan
Sentra,2020,42315,Automatic,106139,Electric,126.47,40.28,3.5,Nissan
GLA,2019,21963,Automatic,65886,Hybrid,444.79,31.6,3.0,Mercedes
A4,2016,55554,Semi-Auto,137891,Diesel,441.29,42.75,2.1,Audi
Civic,2017,50657,Automatic,90828,Electric,160.65,57.89,3.9,Honda
Mustang,2021,42963,Manual,146274,Diesel,105.01,46.34,1.1,Ford
E-Class,2022,38765,Semi-Auto,48941,Petrol,303.15,50.9,2.3,Mercedes
X3,2015,20610,Semi-Auto,104867,Diesel,132.02,34.43,3.2,BMW
Creta,2015,43867,Automatic,136019,Diesel,273.22,52.88,3.1,Hyundai
Polo,2018,25888,Automatic,149234,Petrol,236.68,34.25,2.7,Volkswagen
Q5,2018,52443,Manual,50172,Electric,344.4,44.03,3.7,Audi
Golf,2019,26363,Manual,29187,Diesel,373.84,26.55,1.1,Volkswagen
X1,2019,35944,Semi-Auto,12342,Electric,297.83,54.44,1.2,BMW
Q5,2021,25768,Semi-Auto,123007,Electric,251.39,25.88,2.2,Audi
Passat,2023,59441,Semi-Auto,112450,Hybrid,229.64,45.42,2.8,Volkswagen
A-Class,2021,35179,Automatic,24488,Diesel,465.22,54.22,1.3,Mercedes
Corolla,2017,36307,Automatic,106434,Electric,186.96,55.41,2.0,Toyota
A-Class,2015,54654,Automatic,114739,Petrol,357.72,51.25,1.8,Mercedes
Creta,2023,28227,Manual,54657,Electric,402.46,30.91,3.4,Hyundai
Q5,2017,43829,Semi-Auto,50965,Petrol,270.76,25.3,1.5,Audi
A4,2017,50837,Semi-Auto,93427,Hybrid,119.75,26.72,1.8,Audi
Pilot,2017,19438,Manual,101190,Petrol,129.18,51.36,1.6,Honda
X-Trail,2023,39316,Semi-Auto,29286,Electric,102.45,49.01,3.3,Nissan
Sorento,2019,34620,Automatic,139908,Hybrid,468.96,43.6,1.6,Kia
Micra,2020,19401,Automatic,103054,Electric,353.7,39.15,2.6,Nissan
5 Series,2016,22631,Manual,20419,Diesel,416.27,29.09,2.5,BMW
Q5,2015,19792,Semi-Auto,95096,Petrol,198.55,44.54,2.9,Audi
Highlander,2022,16235,Semi-Auto,31535,Petrol,397.3,33.2,2.8,Toyota
Micra,2018,18090,Automatic,56118,Diesel,252.21,40.49,3.1,Nissan
Tucson,2020,26379,Automatic,93222,Diesel,373.83,34.59,3.3,Hyundai
Sorento,2019,27388,Automatic,43618,Petrol,129.1,36.46,1.5,Kia
i10,2016,49697,Manual,147195,Diesel,140.25,22.53,3.0,Hyundai
X-Trail,2017,38225,Manual,24816,Electric,272.42,53.04,2.9,Nissan
Sorento,2021,57301,Semi-Auto,85742,Electric,296.41,54.44,2.2,Kia
Seltos,2022,57911,Semi-Auto,107896,Hybrid,129.72,46.43,3.5,Kia
CR-V,2023,26265,Automatic,15460,Hybrid,204.71,53.89,2.8,Honda
Tiguan,2019,58009,Manual,53950,Diesel,168.53,57.85,2.2,Volkswagen
5 Series,2022,32264,Semi-Auto,41044,Electric,328.67,49.4,1.2,BMW
CR-V,2017,30331,Automatic,15160,Electric,121.7,47.73,3.5,Honda
Pilot,2017,37410,Automatic,37905,Diesel,485.59,41.44,3.6,Honda
E-Class,2015,55157,Semi-Auto,36680,Petrol,426.18,33.91,2.9,Mercedes
5 Series,2020,26515,Automatic,29031,Hybrid,351.35,59.11,2.7,BMW
Sorento,2018,36641,Manual,130874,Diesel,216.27,35.08,2.5,Kia
CR-V,2021,39648,Semi-Auto,120809,Diesel,462.76,52.68,2.5,Honda
RAV4,2016,29789,Semi-Auto,133197,Diesel,486.7,55.31,2.0,Toyota
Mustang,2021,26100,Semi-Auto,70232,Electric,365.0,24.33,3.5,Ford
A3,2019,22144,Automatic,54785,Electric,143.21,47.53,3.3,Audi
E-Class,2015,16548,Automatic,32024,Electric,387.7,26.42,3.3,Mercedes
A-Class,2022,56883,Automatic,75855,Hybrid,437.55,47.87,3.6,Mercedes
Highlander,2023,49847,Semi-Auto,106577,Diesel,251.58,43.95,2.0,Toyota
Creta,2023,25340,Manual,53412,Petrol,187.22,48.97,2.9,Hyundai
C-Class,2017,19943,Automatic,96084,Hybrid,340.93,34.39,2.9,Mercedes
3 Series,2022,49580,Semi-Auto,96917,Hybrid,481.51,44.4,2.6,BMW
Sorento,2018,56199,Manual,132133,Diesel,447.78,37.14,2.0,Kia
Q5,2023,54855,Manual,79377,Hybrid,396.94,22.31,2.6,Audi
Golf,2018,56342,Manual,143689,Petrol,154.14,28.93,3.0,Volkswagen
A3,2016,56922,Manual,124605,Hybrid,314.28,53.62,1.6,Audi
Civic,2020,31713,Manual,77149,Electric,103.31,42.37,3.3,Honda
Pilot,2019,34263,Semi-Auto,77425,Petrol,454.02,42.33,2.2,Honda
Micra,2015,41379,Automatic,146428,Diesel,387.85,50.49,3.2,Nissan
Q5,2015,21889,Manual,57279,Petrol,403.85,24.89,3.4,Audi
Highlander,2016,53529,Automatic,95639,Diesel,203.96,35.68,1.3,Toyota
Golf,2018,19227,Semi-Auto,100897,Petrol,420.66,22.41,3.5,Volkswagen
3 Series,2022,52440,Automatic,43153,Diesel,360.03,21.81,3.6,BMW
Tiguan,2021,21396,Manual,104994,Petrol,305.78,35.38,3.9,Volkswagen
Golf,2020,18040,Semi-Auto,121009,Diesel,332.11,31.68,1.8,Volkswagen
CR-V,2023,16047,Automatic,128299,Electric,457.88,38.87,2.6,Honda
GLA,2018,42958,Manual,6316,Electric,250.66,53.61,3.9,Mercedes
X3,2023,30608,Semi-Auto,143016,Petrol,219.97,52.19,1.6,BMW
3 Series,2018,27103,Semi-Auto,119832,Hybrid,225.67,59.3,1.4,BMW
Creta,2017,29581,Semi-Auto,60027,Electric,134.03,23.77,2.2,Hyundai
C-Class,2020,18041,Automatic,128970,Hybrid,327.88,54.47,3.1,Mercedes
C-Class,2015,25931,Manual,108334,Hybrid,241.85,42.09,3.7,Mercedes
Corolla,2022,17663,Automatic,117843,Electric,366.77,43.92,1.8,Toyota
GLA,2019,29401,Semi-Auto,5498,Electric,396.25,20.15,3.8,Mercedes
Civic,2019,16953,Automatic,79324,Petrol,259.53,24.75,3.2,Honda
X3,2019,41019,Manual,52233,Petrol,328.64,33.73,1.8,BMW
i10,2019,41439,Semi-Auto,141716,Electric,217.31,53.55,1.4,Hyundai
A-Class,2018,34542,Manual,99202,Petrol,304.8,24.59,1.4,Mercedes
Camry,2016,52857,Semi-Auto,86934,Diesel,306.61,43.85,3.9,Toyota
A3,2016,27398,Semi-Auto,15171,Petrol,272.09,44.48,3.1,Audi
C-Class,2019,39279,Semi-Auto,124858,Electric,376.26,21.04,1.4,Mercedes
GLA,2017,43650,Automatic,16140,Diesel,444.67,30.52,3.4,Mercedes
Passat,2018,18424,Manual,43201,Petrol,148.43,36.96,1.3,Volkswagen
Pilot,2022,41603,Automatic,117613,Electric,409.71,46.98,1.7,Honda
Q7,2023,56110,Automatic,8882,Petrol,126.21,50.65,1.1,Audi
X1,2016,17215,Semi-Auto,87261,Hybrid,201.65,34.54,3.8,BMW
Tiguan,2015,21183,Manual,89531,Hybrid,412.2,58.6,2.6,Volkswagen
Mustang,2020,20080,Automatic,58724,Diesel,461.28,34.44,1.9,Ford
A-Class,2015,31110,Semi-Auto,69403,Hybrid,397.68,52.57,3.7,Mercedes
Focus,2021,35353,Manual,139812,Hybrid,153.53,59.33,2.9,Ford
Corolla,2019,19376,Semi-Auto,149565,Electric,321.89,50.91,2.5,Toyota
X1,2017,26382,Manual,13242,Diesel,349.27,59.36,3.1,BMW
Seltos,2021,34509,Automatic,32874,Petrol,165.76,27.98,2.5,Kia
A4,2016,21949,Manual,82882,Petrol,456.43,36.07,3.8,Audi
Golf,2019,35009,Automatic,15570,Petrol,357.23,43.84,2.3,Volkswagen
5 Series,2023,35842,Manual,89417,Petrol,174.38,41.59,1.4,BMW
Sportage,2021,35955,Manual,75662,Diesel,268.79,59.69,3.0,Kia
Pilot,2020,28423,Manual,92526,Electric,303.74,31.19,1.6,Honda
Mustang,2018,53662,Semi-Auto,70798,Diesel,101.57,44.94,1.1,Ford
Pilot,2023,33825,Semi-Auto,149021,Diesel,183.1,26.61,3.6,Honda
X3,2022,19155,Automatic,137158,Electric,370.25,21.77,1.5,BMW
C-Class,2019,41828,Semi-Auto,94407,Hybrid,135.52,57.91,2.1,Mercedes
Tucson,2022,31670,Manual,58151,Diesel,369.34,20.11,2.5,Hyundai
Sentra,2023,17178,Automatic,45703,Hybrid,203.43,23.38,3.5,Nissan
A-Class,2022,28248,Automatic,9269,Electric,202.38,57.57,1.9,Mercedes
i20,2017,48619,Semi-Auto,72648,Petrol,367.52,24.22,2.3,Hyundai
3 Series,2018,58958,Automatic,148337,Hybrid,313.3,50.92,3.5,BMW
Mustang,2022,26210,Semi-Auto,68976,Hybrid,474.29,42.08,1.1,Ford
Focus,2019,19706,Automatic,12309,Hybrid,269.63,56.95,3.6,Ford
A3,2022,38738,Semi-Auto,53098,Petrol,463.51,40.56,2.3,Audi
X-Trail,2023,42199,Semi-Auto,12236,Diesel,161.27,34.06,2.9,Nissan
CR-V,2015,23617,Automatic,114652,Hybrid,444.04,20.28,1.2,Honda
Seltos,2015,50888,Manual,144304,Hybrid,334.57,48.37,2.1,Kia
RAV4,2018,35356,Semi-Auto,66276,Petrol,404.13,28.14,1.1,Toyota
Corolla,2016,41610,Automatic,62870,Petrol,481.33,23.09,3.7,Toyota
5 Series,2017,51282,Manual,47229,Hybrid,197.88,47.04,2.2,BMW
C-Class,2016,19353,Automatic,34752,Hybrid,270.76,22.07,2.6,Mercedes
Passat,2015,27076,Semi-Auto,144738,Diesel,346.72,50.5,3.7,Volkswagen
X-Trail,2023,50293,Semi-Auto,54759,Diesel,291.71,43.65,3.4,Nissan
A4,2015,54652,Semi-Auto,49753,Electric,479.57,20.16,3.2,Audi
E-Class,2021,52071,Semi-Auto,13750,Petrol,416.28,27.47,1.6,Mercedes
Seltos,2018,19338,Semi-Auto,64266,Hybrid,210.7,46.76,2.6,Kia
Civic,2021,39410,Automatic,97160,Electric,258.24,58.01,3.8,Honda
Sentra,2018,38776,Automatic,85965,Petrol,437.19,43.52,1.1,Nissan
i10,2016,24570,Semi-Auto,138650,Hybrid,420.53,31.36,2.1,Hyundai
3 Series,2021,30256,Semi-Auto,81111,Hybrid,299.65,30.17,1.2,BMW
Fiesta,2020,17576,Semi-Auto,22160,Diesel,100.69,41.68,3.6,Ford
GLA,2018,34882,Automatic,60438,Petrol,105.28,21.53,1.6,Mercedes
Sentra,2021,59440,Automatic,97788,Petrol,173.52,39.38,3.1,Nissan
3 Series,2017,40788,Semi-Auto,55344,Diesel,214.51,21.34,1.6,BMW
Escape,2021,53802,Semi-Auto,68379,Electric,375.37,51.46,3.6,Ford
Polo,2016,28980,Manual,111281,Petrol,425.59,45.29,3.1,Volkswagen
Sportage,2017,43549,Automatic,84502,Diesel,184.38,42.44,1.0,Kia
5 Series,2022,33878,Manual,92721,Petrol,341.7,51.6,1.7,BMW
Sentra,2017,27589,Automatic,134158,Hybrid,232.02,33.67,2.0,Nissan
Civic,2023,58989,Automatic,141102,Hybrid,170.29,58.62,1.1,Honda
i20,2023,33386,Automatic,128248,Electric,440.25,43.68,1.8,Hyundai
E-Class,2016,59730,Automatic,143595,Hybrid,162.29,30.93,2.2,Mercedes
A3,2015,52330,Manual,97527,Petrol,298.45,26.72,2.9,Audi
Rio,2021,16458,Automatic,70221,Diesel,144.81,49.06,1.0,Kia
Tiguan,2021,35834,Automatic,31202,Electric,163.48,27.44,1.4,Volkswagen
CR-V,2017,24576,Semi-Auto,17793,Petrol,240.5,40.72,3.9,Honda
Tucson,2017,30081,Semi-Auto,46819,Diesel,214.6,22.75,1.9,Hyundai
Seltos,2023,39020,Automatic,102119,Electric,305.26,47.76,2.9,Kia
Golf,2022,30418,Automatic,88533,Petrol,145.3,48.89,2.8,Volkswagen
CR-V,2016,59381,Manual,26962,Petrol,443.08,47.36,1.2,Honda
Creta,2023,32074,Manual,66796,Electric,394.71,59.44,1.4,Hyundai
A4,2017,16885,Semi-Auto,131101,Hybrid,278.25,34.42,2.3,Audi
Fiesta,2020,59684,Manual,20712,Hybrid,360.07,50.64,3.7,Ford
Q7,2019,54904,Automatic,41554,Electric,239.95,59.49,2.4,Audi
E-Class,2020,22854,Automatic,76912,Electric,403.53,50.11,1.8,Mercedes
Seltos,2023,26755,Semi-Auto,67132,Electric,140.6,34.86,2.4,Kia
Micra,2017,32404,Automatic,23843,Diesel,141.82,33.92,2.6,Nissan
X1,2022,23377,Automatic,6058,Hybrid,462.7,20.54,1.6,BMW
Polo,2018,30619,Automatic,47382,Electric,327.34,38.76,3.4,Volkswagen
X1,2023,29589,Automatic,80464,Hybrid,185.5,37.08,2.1,BMW
Mustang,2018,23374,Semi-Auto,60454,Electric,192.31,49.53,3.4,Ford
Q5,2020,16544,Semi-Auto,50026,Electric,124.27,38.89,1.9,Audi
Golf,2016,25434,Automatic,71764,Petrol,180.0,20.29,3.6,Volkswagen
GLA,2020,24941,Automatic,73076,Petrol,418.8,34.45,2.3,Mercedes
Seltos,2021,54828,Automatic,21598,Petrol,384.53,24.37,2.8,Kia
Fiesta,2017,39321,Manual,145758,Electric,432.64,55.9,2.7,Ford
Micra,2018,36490,Semi-Auto,147957,Hybrid,285.51,40.26,3.3,Nissan
Sentra,2020,35985,Manual,115650,Petrol,260.37,38.78,2.2,Nissan
A4,2016,59193,Automatic,117388,Electric,156.02,33.62,2.0,Audi
C-Class,2017,33969,Manual,85534,Diesel,459.59,36.7,3.8,Mercedes
Mustang,2019,32485,Semi-Auto,51350,Diesel,212.97,41.76,3.0,Ford
RAV4,2020,41012,Manual,16385,Hybrid,150.12,37.4,2.0,Toyota
Highlander,2017,51877,Automatic,100561,Electric,465.73,33.15,2.2,Toyota
Q5,2018,59633,Semi-Auto,107173,Hybrid,445.89,47.7,1.9,Audi
Corolla,2021,39803,Automatic,37805,Hybrid,183.51,58.01,2.8,Toyota
Corolla,2015,33089,Manual,99785,Hybrid,264.36,48.97,3.4,Toyota
Camry,2017,21882,Automatic,76898,Hybrid,399.22,26.11,3.3,Toyota
Corolla,2018,28109,Manual,7800,Electric,242.12,35.21,2.8,Toyota
Golf,2019,25963,Manual,28892,Electric,229.69,51.73,3.1,Volkswagen
X3,2017,15114,Semi-Auto,54002,Petrol,279.75,59.69,1.2,BMW
Passat,2017,54307,Manual,5627,Diesel,222.06,33.85,1.9,Volkswagen
Altima,2019,44322,Manual,60332,Petrol,273.24,50.52,2.0,Nissan
C-Class,2021,37824,Semi-Auto,132939,Diesel,399.9,39.85,2.6,Mercedes
Camry,2020,34144,Automatic,89047,Diesel,335.8,25.38,1.4,Toyota
GLA,2019,36849,Manual,50850,Hybrid,142.8,31.7,1.4,Mercedes
C-Class,2018,49999,Automatic,138271,Petrol,333.91,38.4,3.2,Mercedes
Seltos,2020,18511,Automatic,12118,Petrol,321.99,44.75,2.3,Kia
5 Series,2018,27125,Manual,106077,Diesel,403.29,34.91,2.0,BMW
Corolla,2018,48605,Manual,33772,Diesel,193.58,46.38,3.6,Toyota
Sportage,2018,44641,Semi-Auto,112476,Hybrid,333.88,44.77,3.8,Kia
Micra,2021,36008,Semi-Auto,12818,Hybrid,113.76,51.66,3.3,Nissan
i20,2020,26881,Manual,49680,Electric,193.6,56.11,3.8,Hyundai
3 Series,2017,18179,Manual,120188,Diesel,254.42,41.59,1.8,BMW
Rio,2017,35041,Automatic,144023,Diesel,308.01,39.51,3.5,Kia
Focus,2019,47733,Automatic,98207,Hybrid,209.41,20.35,2.4,Ford
Corolla,2019,50872,Manual,145258,Petrol,477.18,22.22,3.0,Toyota
Passat,2018,55841,Automatic,57965,Diesel,406.21,21.06,3.2,Volkswagen
Corolla,2021,42195,Automatic,138941,Electric,225.64,54.17,1.1,Toyota
Mustang,2020,43184,Manual,27675,Petrol,473.5,22.82,3.1,Ford
Sportage,2016,53548,Automatic,96156,Electric,142.97,48.14,3.9,Kia
GLA,2020,45235,Semi-Auto,61534,Hybrid,446.99,35.9,2.2,Mercedes
GLA,2022,41064,Manual,63485,Diesel,363.6,34.35,1.2,Mercedes
X-Trail,2016,17251,Manual,118437,Diesel,360.72,21.54,3.0,Nissan
i20,2017,55425,Semi-Auto,35594,Electric,166.1,21.93,1.1,Hyundai
Altima,2022,16456,Manual,56262,Diesel,337.71,53.73,1.3,Nissan
CR-V,2023,51954,Automatic,82890,Petrol,226.46,58.37,3.4,Honda
Tucson,2016,22076,Automatic,96520,Petrol,371.01,30.1,1.7,Hyundai
5 Series,2023,37550,Automatic,149285,Hybrid,105.78,47.67,2.6,BMW
Passat,2017,32258,Manual,62610,Hybrid,207.41,42.18,2.5,Volkswagen
Sportage,2023,22957,Semi-Auto,105814,Hybrid,411.74,48.44,1.1,Kia
Camry,2020,31803,Manual,52126,Electric,325.82,38.26,4.0,Toyota
X-Trail,2018,34246,Automatic,91063,Diesel,244.06,35.62,2.2,Nissan
GLA,2019,50634,Semi-Auto,147028,Electric,288.09,48.35,1.8,Mercedes
C-Class,2021,39462,Manual,114524,Hybrid,381.11,42.21,3.1,Mercedes
Q5,2021,53535,Semi-Auto,86849,Petrol,207.91,48.34,1.1,Audi
X-Trail,2020,46246,Manual,34393,Electric,345.79,24.43,3.8,Nissan
5 Series,2016,19562,Automatic,125258,Petrol,339.93,34.34,3.0,BMW
Civic,2016,38792,Automatic,75011,Electric,320.9,41.76,1.5,Honda
Tucson,2018,44415,Semi-Auto,94443,Electric,293.29,47.8,2.0,Hyundai
Fiesta,2018,56798,Automatic,81551,Hybrid,445.75,44.78,2.1,Ford
Rio,2017,31242,Manual,67032,Hybrid,377.1,56.41,3.5,Kia
Tiguan,2019,26226,Semi-Auto,114690,Electric,115.36,57.59,3.5,Volkswagen
Q7,2015,19608,Automatic,102793,Electric,370.04,33.74,1.5,Audi
Micra,2017,16285,Semi-Auto,90307,Electric,316.96,37.52,2.7,Nissan
Sentra,2021,52598,Automatic,110352,Diesel,125.0,35.65,1.8,Nissan
X1,2020,57770,Semi-Auto,125705,Diesel,334.86,46.64,2.4,BMW
i20,2016,19137,Semi-Auto,52344,Petrol,339.09,27.19,2.5,Hyundai
Rio,2016,40848,Manual,22211,Diesel,289.06,24.6,3.4,Kia
Q5,2015,37061,Semi-Auto,79110,Hybrid,330.63,30.26,2.8,Audi
Altima,2019,45468,Manual,73651,Petrol,298.72,55.9,3.5,Nissan
Rio,2017,58059,Automatic,66380,Petrol,495.78,40.74,3.7,Kia
Camry,2016,48080,Manual,68422,Electric,262.71,31.24,3.8,Toyota
Fiesta,2023,43466,Manual,18201,Hybrid,365.05,53.71,1.2,Ford
3 Series,2018,46635,Automatic,142767,Hybrid,218.39,31.53,2.0,BMW
i10,2015,42378,Semi-Auto,47247,Electric,321.54,25.52,4.0,Hyundai
Corolla,2021,15248,Manual,97642,Petrol,114.39,56.34,3.6,Toyota
Sportage,2021,47918,Semi-Auto,20589,Hybrid,488.75,38.66,1.1,Kia
5 Series,2018,51956,Automatic,68943,Diesel,449.14,47.4,1.9,BMW
Highlander,2021,35935,Semi-Auto,55889,Petrol,309.38,31.54,3.6,Toyota
Altima,2018,55816,Manual,124710,Electric,266.77,42.57,1.0,Nissan
Micra,2018,58896,Automatic,30543,Hybrid,454.58,32.23,2.8,Nissan
Camry,2021,15995,Automatic,140279,Electric,171.91,27.35,2.0,Toyota
Sorento,2018,32706,Semi-Auto,52702,Diesel,359.39,27.5,3.8,Kia
Q7,2022,28237,Semi-Auto,40383,Petrol,458.42,24.08,3.0,Audi
Highlander,2019,46171,Automatic,32059,Diesel,177.71,22.31,1.8,Toyota
Civic,2015,33155,Semi-Auto,45326,Hybrid,330.86,29.38,1.3,Honda
Accord,2022,20508,Semi-Auto,64727,Petrol,197.76,53.46,2.4,Honda
3 Series,2023,15945,Automatic,38529,Diesel,276.05,58.93,1.7,BMW
i10,2018,16805,Semi-Auto,44449,Hybrid,365.51,47.99,2.8,Hyundai
Altima,2023,28511,Semi-Auto,16334,Electric,400.16,44.23,3.3,Nissan
Golf,2017,21915,Semi-Auto,89091,Electric,371.08,50.61,2.3,Volkswagen
X1,2022,49433,Automatic,129146,Petrol,315.02,39.22,2.1,BMW
Highlander,2022,15523,Semi-Auto,95428,Diesel,144.31,23.45,3.7,Toyota
Tiguan,2016,39692,Manual,55421,Hybrid,115.81,49.55,2.8,Volkswagen
A4,2017,53090,Semi-Auto,56409,Hybrid,139.82,26.39,3.5,Audi
Altima,2020,20030,Semi-Auto,133296,Electric,311.59,20.67,3.0,Nissan
X3,2020,28912,Manual,49939,Petrol,466.75,56.92,1.0,BMW
Pilot,2021,48522,Semi-Auto,129688,Diesel,204.45,23.58,2.3,Honda
X1,2022,55480,Automatic,75488,Hybrid,269.94,41.22,3.0,BMW
A4,2021,26213,Manual,37168,Electric,176.75,26.11,3.3,Audi
Creta,2017,18115,Semi-Auto,14998,Electric,372.52,24.1,2.1,Hyundai
Focus,2016,36080,Manual,22626,Diesel,368.04,46.51,3.1,Ford
X-Trail,2019,55100,Manual,8859,Electric,410.59,53.03,3.2,Nissan
A3,2020,37247,Semi-Auto,105179,Diesel,240.84,25.8,2.2,Audi
Golf,2016,41685,Automatic,137946,Electric,337.41,53.99,3.9,Volkswagen
RAV4,2021,36746,Semi-Auto,142354,Electric,403.19,58.23,1.3,Toyota
Camry,2022,59033,Automatic,14536,Electric,472.64,20.85,1.5,Toyota
Sorento,2019,37111,Manual,36133,Diesel,333.97,36.02,1.9,Kia
A-Class,2021,18907,Manual,67932,Petrol,454.64,36.26,3.1,Mercedes
Golf,2021,17900,Semi-Auto,146295,Diesel,420.49,55.3,1.6,Volkswagen
Sentra,2019,54449,Automatic,84975,Electric,443.52,46.51,1.2,Nissan
5 Series,2022,47559,Semi-Auto,89211,Petrol,282.5,31.01,4.0,BMW
A3,2023,22276,Automatic,15923,Electric,220.63,41.26,3.2,Audi
i20,2023,22237,Automatic,51039,Electric,208.48,23.85,1.8,Hyundai
Passat,2021,54243,Semi-Auto,25266,Petrol,199.21,30.39,2.5,Volkswagen
3 Series,2022,16473,Manual,39373,Diesel,398.26,56.24,1.2,BMW
Golf,2021,48342,Manual,41384,Hybrid,133.24,34.88,1.2,Volkswagen
5 Series,2017,26471,Manual,121929,Electric,296.94,45.81,3.0,BMW
Sorento,2015,40047,Automatic,88507,Diesel,339.39,48.49,2.8,Kia
A4,2022,34171,Semi-Auto,77792,Electric,457.43,35.64,3.6,Audi
Golf,2022,17043,Semi-Auto,96054,Electric,461.92,37.41,3.2,Volkswagen
Escape,2023,55205,Automatic,65271,Hybrid,366.01,34.97,2.9,Ford
Mustang,2021,31527,Semi-Auto,78597,Diesel,205.23,24.6,1.1,Ford
Camry,2015,42205,Manual,25761,Diesel,391.07,31.88,3.0,Toyota
Q7,2019,54339,Semi-Auto,90531,Electric,301.67,46.89,2.4,Audi
Seltos,2020,44377,Semi-Auto,149904,Diesel,262.71,29.54,1.7,Kia
A3,2021,24118,Semi-Auto,63995,Hybrid,387.55,20.65,2.7,Audi
Civic,2020,41579,Semi-Auto,116862,Hybrid,431.22,44.4,3.5,Honda
3 Series,2016,24945,Manual,9489,Electric,159.42,57.76,2.6,BMW
X-Trail,2020,33355,Manual,149781,Electric,326.97,30.48,2.3,Nissan
Camry,2020,59640,Semi-Auto,77333,Electric,204.29,44.46,1.9,Toyota
RAV4,2017,24968,Automatic,51429,Hybrid,302.46,23.1,2.7,Toyota
GLA,2015,56743,Semi-Auto,119420,Electric,255.01,35.42,1.5,Mercedes
Tiguan,2022,47307,Manual,123283,Electric,480.49,47.28,2.3,Volkswagen
Sorento,2021,22882,Automatic,110947,Hybrid,191.8,36.43,2.1,Kia
Sportage,2019,43235,Automatic,104120,Electric,319.33,34.34,2.4,Kia
Accord,2017,33027,Semi-Auto,70857,Electric,233.25,37.26,3.4,Honda
i10,2016,45974,Automatic,62765,Petrol,275.09,38.78,2.1,Hyundai
Civic,2019,54891,Automatic,11172,Electric,126.33,47.76,2.9,Honda
Golf,2020,33420,Automatic,48246,Hybrid,396.02,52.14,3.1,Volkswagen
Passat,2018,34002,Automatic,85311,Hybrid,168.74,22.28,3.0,Volkswagen
C-Class,2017,41745,Automatic,82636,Diesel,221.71,38.56,1.7,Mercedes
Micra,2020,17664,Manual,50352,Petrol,291.68,51.09,2.5,Nissan
Accord,2021,46600,Automatic,111379,Diesel,365.87,50.56,2.9,Honda
Corolla,2019,23987,Automatic,104499,Petrol,442.67,46.44,1.3,Toyota
A-Class,2021,26084,Manual,101768,Diesel,380.74,34.93,4.0,Mercedes
Mustang,2015,52851,Semi-Auto,114756,Petrol,420.3,33.12,4.0,Ford
Polo,2016,30876,Manual,114031,Hybrid,395.69,29.52,3.9,Volkswagen
Civic,2017,40995,Manual,138448,Petrol,231.63,32.66,1.3,Honda
Focus,2019,35967,Semi-Auto,22113,Petrol,382.05,53.7,2.2,Ford
RAV4,2023,59361,Manual,33837,Electric,114.39,28.02,3.6,Toyota
Golf,2020,45022,Automatic,116429,Electric,132.75,59.01,3.4,Volkswagen
A-Class,2023,17503,Automatic,99111,Electric,289.66,28.06,3.2,Mercedes
Golf,2018,25146,Automatic,78782,Diesel,157.93,56.71,1.1,Volkswagen
Sorento,2016,30464,Manual,127695,Petrol,458.0,26.1,2.4,Kia
Tiguan,2023,55182,Semi-Auto,63375,Diesel,494.66,39.14,1.4,Volkswagen
X-Trail,2022,50477,Semi-Auto,121032,Electric,316.84,55.49,3.7,Nissan
Highlander,2020,47843,Semi-Auto,72859,Hybrid,161.85,40.44,1.2,Toyota
i10,2018,43158,Manual,47344,Petrol,288.61,24.69,1.5,Hyundai
Tucson,2023,30529,Manual,76737,Petrol,298.96,53.55,1.1,Hyundai
X1,2023,19716,Automatic,89952,Petrol,328.78,59.59,1.5,BMW
Sportage,2022,56460,Automatic,7092,Hybrid,305.01,26.72,3.7,Kia
Escape,2019,59745,Automatic,123880,Petrol,263.56,27.24,2.0,Ford
Civic,2021,32035,Semi-Auto,34869,Hybrid,201.29,27.89,3.2,Honda
Camry,2020,19046,Manual,45757,Petrol,382.52,42.37,1.9,Toyota
Q5,2017,26525,Manual,136388,Hybrid,193.02,30.09,3.7,Audi
Altima,2017,15510,Manual,33337,Diesel,293.33,46.85,2.1,Nissan
X3,2015,15041,Semi-Auto,14035,Hybrid,361.02,44.74,2.5,BMW
Tucson,2023,26224,Automatic,60824,Hybrid,236.73,59.01,3.7,Hyundai
Escape,2015,17878,Manual,127263,Electric,145.01,38.32,2.3,Ford
A3,2023,24126,Automatic,147276,Hybrid,356.34,25.66,3.0,Audi
A3,2017,49934,Automatic,98386,Petrol,148.9,55.0,3.7,Audi
E-Class,2021,40479,Manual,110206,Diesel,454.45,42.45,1.5,Mercedes
Rio,2016,56658,Automatic,8300,Petrol,177.74,53.87,3.6,Kia
X3,2019,23486,Semi-Auto,103234,Diesel,291.11,49.73,2.2,BMW
Micra,2019,36970,Manual,121072,Petrol,165.09,48.81,1.4,Nissan
X1,2019,46382,Semi-Auto,42238,Hybrid,470.4,50.41,2.4,BMW
5 Series,2022,40330,Automatic,123361,Petrol,280.49,29.32,2.6,BMW
Altima,2020,23337,Manual,27010,Diesel,451.21,49.03,2.0,Nissan
RAV4,2018,28672,Manual,85304,Hybrid,473.3,48.98,2.8,Toyota
Escape,2016,17809,Automatic,112119,Petrol,478.79,34.67,2.3,Ford
Sorento,2015,41131,Automatic,48811,Diesel,273.97,20.36,2.1,Kia
i20,2017,28845,Semi-Auto,81780,Diesel,412.95,29.75,3.3,Hyundai
Q7,2018,57228,Semi-Auto,128670,Hybrid,297.98,34.56,3.8,Audi
E-Class,2018,38428,Semi-Auto,47265,Diesel,308.6,29.01,3.8,Mercedes
Focus,2017,45719,Automatic,13197,Petrol,403.57,22.79,1.1,Ford
GLA,2018,39951,Manual,54779,Hybrid,325.48,38.0,3.7,Mercedes
C-Class,2015,59415,Manual,8464,Petrol,391.79,48.66,3.5,Mercedes
Q5,2017,47316,Manual,57635,Petrol,474.95,37.91,2.6,Audi
Sentra,2022,35678,Semi-Auto,132211,Hybrid,381.29,43.37,2.7,Nissan
Q5,2016,25031,Manual,41169,Hybrid,237.68,31.87,2.6,Audi
3 Series,2021,18479,Manual,20261,Electric,387.55,27.21,2.3,BMW
Altima,2016,35091,Manual,75920,Electric,170.44,53.34,2.1,Nissan
Tiguan,2023,32678,Automatic,93098,Diesel,154.03,45.31,2.2,Volkswagen
Golf,2020,53129,Automatic,133528,Hybrid,141.35,28.44,1.1,Volkswagen
Polo,2023,22575,Semi-Auto,139727,Petrol,203.26,38.85,1.8,Volkswagen
Civic,2016,40476,Semi-Auto,30464,Petrol,164.76,52.55,1.3,Honda
Seltos,2021,37290,Semi-Auto,123674,Diesel,285.41,51.36,1.9,Kia
Escape,2019,33053,Semi-Auto,143485,Petrol,209.88,55.52,1.3,Ford
A-Class,2015,29877,Manual,30151,Diesel,201.49,43.48,2.2,Mercedes
RAV4,2019,41676,Manual,144938,Petrol,402.18,20.84,1.5,Toyota
X-Trail,2020,34592,Semi-Auto,60267,Hybrid,339.14,59.33,3.7,Nissan
E-Class,2022,41153,Semi-Auto,28136,Petrol,365.72,40.52,2.6,Mercedes
5 Series,2023,29734,Automatic,31674,Electric,356.2,36.34,3.1,BMW
Mustang,2022,41635,Semi-Auto,127578,Hybrid,305.92,28.37,1.8,Ford
GLA,2021,52571,Automatic,41834,Hybrid,487.92,22.28,1.7,Mercedes
Highlander,2022,34401,Manual,19743,Diesel,259.52,24.46,3.4,Toyota
Tiguan,2018,21748,Automatic,36185,Diesel,307.71,54.06,2.6,Volkswagen
GLA,2021,45215,Automatic,63057,Petrol,466.23,53.49,3.0,Mercedes
i10,2017,36180,Semi-Auto,92431,Diesel,184.01,59.0,3.2,Hyundai
GLA,2021,27094,Semi-Auto,29606,Petrol,233.99,35.95,3.1,Mercedes
Mustang,2021,39670,Manual,78543,Petrol,242.9,35.15,3.2,Ford
E-Class,2022,26339,Automatic,57053,Diesel,108.37,27.14,1.4,Mercedes
E-Class,2022,38255,Manual,123316,Electric,329.29,53.7,3.1,Mercedes
3 Series,2018,46715,Automatic,131750,Electric,386.62,21.45,1.0,BMW
Fiesta,2015,49153,Automatic,142142,Hybrid,275.02,44.64,1.0,Ford
5 Series,2018,18206,Manual,8520,Hybrid,379.94,20.73,3.9,BMW
Corolla,2016,16808,Semi-Auto,102578,Electric,451.29,40.61,2.3,Toyota
A-Class,2016,22963,Automatic,56745,Diesel,115.04,48.03,2.5,Mercedes
Q5,2016,56165,Semi-Auto,133478,Electric,230.89,25.61,2.9,Audi
5 Series,2021,24773,Automatic,96880,Diesel,261.73,30.02,2.7,BMW
Q5,2015,16415,Manual,32387,Electric,186.25,44.6,1.7,Audi
Sorento,2021,24352,Semi-Auto,83365,Diesel,163.08,57.92,3.2,Kia
E-Class,2021,26578,Automatic,74513,Petrol,177.57,45.31,3.6,Mercedes
A3,2016,30744,Semi-Auto,137208,Petrol,261.23,31.93,2.0,Audi
5 Series,2022,46871,Semi-Auto,102701,Electric,473.87,35.62,2.4,BMW
A-Class,2023,19118,Automatic,142097,Electric,122.65,26.75,2.2,Mercedes
Escape,2016,20178,Semi-Auto,148524,Hybrid,486.03,32.96,3.4,Ford
Focus,2020,56980,Manual,70465,Diesel,315.94,42.82,2.6,Ford
X1,2019,20408,Semi-Auto,80247,Petrol,197.53,54.64,3.2,BMW
Camry,2023,20522,Manual,95561,Petrol,274.04,22.57,3.0,Toyota
Pilot,2019,28641,Manual,23481,Electric,376.81,39.72,1.8,Honda
Creta,2022,23405,Automatic,76547,Hybrid,129.86,30.2,3.1,Hyundai
Focus,2020,40231,Automatic,144124,Electric,321.61,22.0,3.3,Ford
Altima,2016,33442,Manual,79867,Electric,321.94,27.93,1.9,Nissan
X3,2017,33762,Automatic,45655,Diesel,270.14,32.71,2.7,BMW
Fiesta,2018,53244,Manual,16238,Electric,238.49,58.55,3.3,Ford
Sorento,2018,30240,Manual,24429,Hybrid,435.58,55.43,1.4,Kia
Fiesta,2023,38452,Automatic,51570,Petrol,393.42,44.21,1.8,Ford
Sentra,2020,37197,Semi-Auto,125499,Petrol,456.46,57.89,2.3,Nissan
Tucson,2020,19569,Automatic,35978,Hybrid,336.01,45.27,1.6,Hyundai
i10,2019,52763,Semi-Auto,59759,Petrol,398.97,26.93,1.8,Hyundai
X3,2019,50872,Automatic,127143,Hybrid,260.87,50.22,1.4,BMW
Seltos,2015,44435,Automatic,56202,Electric,433.96,37.57,1.3,Kia
Corolla,2017,16943,Automatic,27880,Hybrid,434.5,20.02,1.6,Toyota
Mustang,2020,42337,Semi-Auto,11055,Electric,308.63,26.19,1.7,Ford
Altima,2023,23371,Automatic,55293,Petrol,275.2,27.16,2.2,Nissan
Fiesta,2018,34609,Manual,24845,Hybrid,113.04,25.55,3.5,Ford
A-Class,2017,51385,Semi-Auto,71412,Hybrid,118.71,48.32,1.5,Mercedes
A-Class,2021,58766,Manual,44395,Hybrid,424.6,54.13,3.3,Mercedes
RAV4,2018,48697,Manual,78456,Diesel,207.21,30.67,1.0,Toyota
Camry,2017,17079,Manual,31441,Diesel,421.06,51.76,2.7,Toyota
GLA,2020,37452,Manual,131240,Diesel,478.67,23.81,2.6,Mercedes
Fiesta,2018,55934,Automatic,51779,Petrol,222.06,52.22,2.9,Ford
Seltos,2020,39815,Automatic,106198,Diesel,355.04,40.11,2.5,Kia
X1,2022,45362,Semi-Auto,101860,Hybrid,143.29,39.69,3.6,BMW
GLA,2019,20613,Manual,22148,Electric,489.82,24.28,4.0,Mercedes
Q7,2018,57221,Automatic,114632,Diesel,334.13,50.58,1.2,Audi
RAV4,2016,31097,Automatic,63084,Diesel,437.27,26.95,1.7,Toyota
5 Series,2018,26205,Automatic,115733,Hybrid,482.3,42.52,3.3,BMW
Civic,2018,27984,Manual,73133,Hybrid,163.37,44.09,1.2,Honda
C-Class,2016,57359,Manual,71560,Petrol,360.17,39.57,2.9,Mercedes
A4,2018,19458,Automatic,67592,Hybrid,431.52,32.1,1.2,Audi
Altima,2021,40502,Automatic,102159,Hybrid,295.75,53.03,1.7,Nissan
X3,2021,59119,Manual,103747,Electric,226.81,42.11,3.4,BMW
5 Series,2021,41611,Automatic,134320,Electric,487.11,23.78,3.8,BMW
i20,2020,54204,Manual,113804,Diesel,101.39,56.38,3.1,Hyundai
Altima,2023,44746,Semi-Auto,18544,Diesel,261.98,51.74,1.3,Nissan
CR-V,2018,18939,Manual,125571,Petrol,205.53,27.34,1.6,Honda
Corolla,2016,39688,Semi-Auto,28815,Diesel,121.87,21.95,2.3,Toyota
Tucson,2015,21630,Manual,105926,Electric,132.81,55.34,3.9,Hyundai
Pilot,2015,28823,Automatic,8453,Electric,447.35,55.55,3.2,Honda
C-Class,2020,20434,Semi-Auto,51906,Hybrid,481.98,24.09,3.7,Mercedes
Tiguan,2023,31617,Manual,16051,Hybrid,364.6,48.61,2.7,Volkswagen
Seltos,2020,39537,Semi-Auto,63859,Petrol,249.6,50.97,3.8,Kia
CR-V,2018,37256,Semi-Auto,58883,Petrol,430.87,47.47,2.5,Honda
X3,2017,38728,Semi-Auto,106630,Petrol,195.61,39.56,1.7,BMW
Civic,2021,29482,Automatic,103533,Electric,206.29,29.86,3.1,Honda
Mustang,2021,26331,Manual,36230,Electric,446.12,34.87,3.0,Ford
X3,2019,25566,Semi-Auto,147842,Hybrid,215.43,56.47,1.7,BMW
Accord,2016,36448,Semi-Auto,123058,Electric,190.69,45.01,2.1,Honda
E-Class,2018,57803,Semi-Auto,149421,Petrol,355.8,47.17,1.6,Mercedes
X-Trail,2021,54788,Automatic,14107,Electric,235.34,49.14,2.9,Nissan
Rio,2017,51569,Automatic,86200,Electric,108.45,36.14,1.5,Kia
Highlander,2022,55862,Automatic,83444,Electric,103.2,54.21,3.0,Toyota
Mustang,2022,15482,Manual,140409,Electric,209.2,35.78,3.5,Ford
CR-V,2017,16822,Automatic,139407,Hybrid,385.77,51.37,2.1,Honda
C-Class,2018,56649,Manual,85156,Petrol,303.49,20.26,3.9,Mercedes
Accord,2020,21795,Manual,146919,Electric,424.44,31.77,1.4,Honda
X1,2015,54792,Manual,96907,Electric,487.96,47.02,1.2,BMW
5 Series,2022,48706,Automatic,20818,Petrol,101.96,37.63,1.3,BMW
Q5,2023,25983,Manual,131858,Electric,368.76,45.97,1.8,Audi
RAV4,2020,16229,Automatic,126731,Diesel,473.52,27.96,3.3,Toyota
Focus,2016,56138,Manual,117895,Petrol,291.5,56.67,2.5,Ford
i10,2018,39635,Manual,98365,Electric,395.21,55.58,3.7,Hyundai
Rio,2020,51724,Semi-Auto,118961,Petrol,167.32,28.75,2.1,Kia
Polo,2022,51557,Semi-Auto,88105,Petrol,200.34,57.55,3.1,Volkswagen
A3,2022,39610,Semi-Auto,112295,Hybrid,168.84,59.57,2.5,Audi
Sentra,2022,36444,Automatic,116066,Diesel,408.43,46.27,2.8,Nissan
X3,2019,46468,Manual,70925,Hybrid,160.85,22.08,1.3,BMW
Seltos,2015,32005,Automatic,5513,Diesel,241.65,36.85,1.1,Kia
Sorento,2018,34514,Manual,95426,Hybrid,293.16,22.76,3.9,Kia
Sentra,2019,40729,Automatic,26709,Electric,379.77,38.44,1.6,Nissan
Q7,2015,28048,Semi-Auto,31016,Electric,269.19,43.55,3.4,Audi
Q7,2019,18939,Automatic,63273,Hybrid,449.55,59.28,2.2,Audi
i10,2019,33589,Semi-Auto,144376,Hybrid,480.83,42.56,2.4,Hyundai
3 Series,2018,44353,Automatic,103442,Hybrid,113.4,32.69,1.9,BMW
Escape,2021,31915,Manual,65771,Electric,278.84,20.13,1.3,Ford
