Request id,Pickup point,Driver id,Request Date,Request Time,city,Ride_Status,Cancellation_Reason,Ride_Fare,Cancellation_Fee,,Request Day,Time of Day
619,Airport,1,11-07-2016,11:51:00,Hyderabad,Completed,,131,0,,Monday,Morning
867,Airport,1,11-07-2016,17:57:00,Hyderabad,Completed,,59,0,,Monday,Evening
1807,City,1,12-07-2016,09:17:00,Hyderabad,Completed,,266,0,,Tuesday,Morning
2532,Airport,1,12-07-2016,21:08:00,Hyderabad,Completed,,110,0,,Tuesday,Night
3112,City,1,13-07-2016,08:33:00,Hyderabad,Completed,,157,0,,Wednesday,Morning
3879,Airport,1,13-07-2016,21:57:00,Hyderabad,Canceled,Driver No-show,0,21,,Wednesday,Night
4270,Airport,1,14-07-2016,06:15:00,Hyderabad,Canceled,Rider No-show,0,26,,Thursday,Morning
5510,Airport,1,15-07-2016,05:11:00,Hyderabad,Completed,,234,0,,Friday,Morning
6248,City,1,15-07-2016,17:57:00,Hyderabad,Completed,,197,0,,Friday,Evening
267,City,2,11-07-2016,06:46:00,Hyderabad,Completed,,113,0,,Monday,Morning
1467,Airport,2,12-07-2016,05:08:00,Hyderabad,Completed,,126,0,,Tuesday,Morning
1983,City,2,12-07-2016,12:30:00,Hyderabad,Completed,,243,0,,Tuesday,Afternoon
2784,Airport,2,13-07-2016,04:49:00,Hyderabad,Completed,,218,0,,Wednesday,Night
3075,City,2,13-07-2016,08:02:00,Hyderabad,Completed,,242,0,,Wednesday,Morning
3379,City,2,13-07-2016,14:23:00,Hyderabad,Completed,,70,0,,Wednesday,Afternoon
3482,Airport,2,13-07-2016,17:23:00,Hyderabad,Completed,,118,0,,Wednesday,Evening
4652,City,2,14-07-2016,12:01:00,Hyderabad,Completed,,221,0,,Thursday,Afternoon
5335,Airport,2,14-07-2016,22:24:00,Hyderabad,Completed,,86,0,,Thursday,Night
535,Airport,3,11-07-2016,10:00:00,Hyderabad,Canceled,Rider No-show,0,33,,Monday,Morning
960,Airport,3,11-07-2016,18:45:00,Hyderabad,Completed,,168,0,,Monday,Evening
1934,Airport,3,12-07-2016,11:17:00,Hyderabad,Completed,,268,0,,Tuesday,Morning
2083,Airport,3,12-07-2016,15:46:00,Hyderabad,Completed,,129,0,,Tuesday,Afternoon
2211,Airport,3,12-07-2016,18:00:00,Hyderabad,Completed,,93,0,,Tuesday,Evening
3096,Airport,3,13-07-2016,08:17:00,Hyderabad,Completed,,180,0,,Wednesday,Morning
3881,Airport,3,13-07-2016,21:54:00,Hyderabad,Completed,,191,0,,Wednesday,Night
5254,City,3,14-07-2016,21:23:00,Hyderabad,Completed,,266,0,,Thursday,Night
5434,City,3,15-07-2016,02:41:00,Hyderabad,Completed,,282,0,,Friday,Night
5916,City,3,15-07-2016,10:00:00,Hyderabad,Completed,,79,0,,Friday,Morning
669,City,4,11-07-2016,13:08:00,Hyderabad,Canceled,Rider No-show,0,27,,Monday,Afternoon
1567,Airport,4,12-07-2016,06:21:00,Hyderabad,Canceled,Driver No-show,0,46,,Tuesday,Morning
1826,City,4,12-07-2016,09:27:00,Hyderabad,Completed,,111,0,,Tuesday,Morning
2102,City,4,12-07-2016,16:09:00,Hyderabad,Completed,,234,0,,Tuesday,Afternoon
2847,Airport,4,13-07-2016,05:34:00,Hyderabad,Completed,,223,0,,Wednesday,Morning
3722,Airport,4,13-07-2016,19:57:00,Hyderabad,Completed,,296,0,,Wednesday,Evening
4075,City,4,14-07-2016,02:17:00,Hyderabad,Completed,,178,0,,Thursday,Night
4686,City,4,14-07-2016,13:01:00,Hyderabad,Completed,,58,0,,Thursday,Afternoon
5771,Airport,4,15-07-2016,08:30:00,Hyderabad,Completed,,83,0,,Friday,Morning
6106,Airport,4,15-07-2016,15:01:00,Hyderabad,Completed,,151,0,,Friday,Afternoon
312,City,5,11-07-2016,07:27:00,Hyderabad,Completed,,63,0,,Monday,Morning
577,Airport,5,11-07-2016,11:03:00,Hyderabad,Completed,,153,0,,Monday,Morning
1179,City,5,11-07-2016,20:58:00,Hyderabad,Completed,,163,0,,Monday,Evening
1756,Airport,5,12-07-2016,08:40:00,Hyderabad,Completed,,195,0,,Tuesday,Morning
2052,City,5,12-07-2016,14:48:00,Hyderabad,Completed,,249,0,,Tuesday,Afternoon
2559,City,5,12-07-2016,21:32:00,Hyderabad,Completed,,125,0,,Tuesday,Night
3014,City,5,13-07-2016,07:28:00,Hyderabad,Completed,,159,0,,Wednesday,Morning
3317,City,5,13-07-2016,12:14:00,Hyderabad,Completed,,231,0,,Wednesday,Afternoon
4297,City,5,14-07-2016,06:43:00,Hyderabad,Completed,,248,0,,Thursday,Morning
5857,Airport,5,15-07-2016,09:08:00,Hyderabad,Completed,,184,0,,Friday,Morning
6690,Airport,5,15-07-2016,22:41:00,Hyderabad,Completed,,118,0,,Friday,Night
1517,Airport,6,12-07-2016,05:45:00,Hyderabad,Completed,,149,0,,Tuesday,Morning
1999,Airport,6,12-07-2016,13:02:00,Hyderabad,Completed,,137,0,,Tuesday,Afternoon
2960,Airport,6,13-07-2016,06:50:00,Hyderabad,Completed,,176,0,,Wednesday,Morning
3882,City,6,13-07-2016,21:53:00,Hyderabad,Canceled,Driver No-show,0,49,,Wednesday,Night
4081,Airport,6,14-07-2016,02:37:00,Hyderabad,Completed,,170,0,,Thursday,Night
4740,City,6,14-07-2016,14:50:00,Hyderabad,Completed,,109,0,,Thursday,Afternoon
5270,City,6,14-07-2016,21:33:00,Hyderabad,Completed,,54,0,,Thursday,Night
6758,Airport,6,15-07-2016,00:03:00,Hyderabad,Completed,,192,0,,Friday,Night
5741,City,6,15-07-2016,07:52:00,Hyderabad,Completed,,276,0,,Friday,Morning
6087,Airport,6,15-07-2016,14:28:00,Hyderabad,Completed,,222,0,,Friday,Afternoon
1039,City,7,11-07-2016,19:31:00,Hyderabad,Completed,,87,0,,Monday,Evening
1273,Airport,7,11-07-2016,22:07:00,Hyderabad,Completed,,153,0,,Monday,Night
2480,City,7,12-07-2016,20:39:00,Hyderabad,Completed,,184,0,,Tuesday,Evening
4105,City,7,14-07-2016,03:39:00,Hyderabad,Completed,,255,0,,Thursday,Night
4509,City,7,14-07-2016,09:11:00,Hyderabad,Canceled,Driver No-show,0,31,,Thursday,Morning
4986,Airport,7,14-07-2016,18:52:00,Hyderabad,Completed,,222,0,,Thursday,Evening
5898,City,7,15-07-2016,09:50:00,Hyderabad,Completed,,188,0,,Friday,Morning
6142,Airport,7,15-07-2016,15:50:00,Hyderabad,Completed,,113,0,,Friday,Afternoon
380,Airport,8,11-07-2016,08:18:00,Hyderabad,Canceled,Driver No-show,0,32,,Monday,Morning
1050,Airport,8,11-07-2016,19:39:00,Hyderabad,Completed,,170,0,,Monday,Evening
1769,City,8,12-07-2016,08:57:00,Hyderabad,Completed,,147,0,,Tuesday,Morning
2520,City,8,12-07-2016,21:05:00,Hyderabad,Completed,,187,0,,Tuesday,Night
3265,Airport,8,13-07-2016,10:22:00,Hyderabad,Completed,,218,0,,Wednesday,Morning
4648,City,8,14-07-2016,11:55:00,Hyderabad,Completed,,125,0,,Thursday,Morning
449,Airport,9,11-07-2016,09:08:00,Hyderabad,Completed,,255,0,,Monday,Morning
846,Airport,9,11-07-2016,17:46:00,Hyderabad,Canceled,Driver No-show,0,43,,Monday,Evening
1346,Airport,9,11-07-2016,23:39:00,Hyderabad,Completed,,86,0,,Monday,Night
1474,Airport,9,12-07-2016,05:13:00,Hyderabad,Completed,,110,0,,Tuesday,Morning
2240,City,9,12-07-2016,18:20:00,Hyderabad,Completed,,95,0,,Tuesday,Evening
3072,Airport,9,13-07-2016,08:04:00,Hyderabad,Completed,,92,0,,Wednesday,Morning
3459,Airport,9,13-07-2016,17:03:00,Hyderabad,Completed,,188,0,,Wednesday,Evening
3774,Airport,9,13-07-2016,20:41:00,Hyderabad,Completed,,176,0,,Wednesday,Evening
4023,City,9,13-07-2016,23:58:00,Hyderabad,Completed,,65,0,,Wednesday,Night
4117,City,9,14-07-2016,04:21:00,Hyderabad,Completed,,298,0,,Thursday,Night
4880,Airport,9,14-07-2016,17:58:00,Hyderabad,Completed,,169,0,,Thursday,Evening
5568,Airport,9,15-07-2016,05:47:00,Hyderabad,Completed,,186,0,,Friday,Morning
5994,Airport,9,15-07-2016,11:51:00,Hyderabad,Completed,,211,0,,Friday,Morning
1809,Airport,10,12-07-2016,09:13:00,Hyderabad,Completed,,218,0,,Tuesday,Morning
2064,Airport,10,12-07-2016,15:08:00,Hyderabad,Canceled,Rider No-show,0,40,,Tuesday,Afternoon
3210,City,10,13-07-2016,09:47:00,Hyderabad,Completed,,267,0,,Wednesday,Morning
4350,City,10,14-07-2016,07:24:00,Hyderabad,Completed,,260,0,,Thursday,Morning
4713,City,10,14-07-2016,13:31:00,Hyderabad,Completed,,123,0,,Thursday,Afternoon
5629,Airport,10,15-07-2016,06:33:00,Hyderabad,Completed,,91,0,,Friday,Morning
6157,Airport,10,15-07-2016,16:32:00,Hyderabad,Completed,,65,0,,Friday,Afternoon
2030,City,11,12-07-2016,14:11:00,Hyderabad,Completed,,125,0,,Tuesday,Afternoon
3226,City,11,13-07-2016,10:00:00,Hyderabad,Completed,,223,0,,Wednesday,Morning
3353,City,11,13-07-2016,13:29:00,Hyderabad,Completed,,107,0,,Wednesday,Afternoon
4293,City,11,14-07-2016,06:42:00,Hyderabad,Completed,,61,0,,Thursday,Morning
4936,City,11,14-07-2016,18:22:00,Hyderabad,Completed,,124,0,,Thursday,Evening
5661,Airport,11,15-07-2016,07:08:00,Hyderabad,Completed,,240,0,,Friday,Morning
5778,City,11,15-07-2016,08:22:00,Hyderabad,Completed,,72,0,,Friday,Morning
6425,Airport,11,15-07-2016,19:46:00,Hyderabad,Completed,,117,0,,Friday,Evening
45,Airport,12,11-07-2016,03:17:00,Hyderabad,Completed,,208,0,,Monday,Night
264,City,12,11-07-2016,06:51:00,Hyderabad,Completed,,96,0,,Monday,Morning
1183,City,12,11-07-2016,21:05:00,Hyderabad,Completed,,174,0,,Monday,Night
1536,Airport,12,12-07-2016,05:59:00,Hyderabad,Completed,,244,0,,Tuesday,Morning
2437,City,12,12-07-2016,20:18:00,Hyderabad,Canceled,Technical Issue,0,47,,Tuesday,Evening
2641,Airport,12,12-07-2016,22:28:00,Hyderabad,Completed,,150,0,,Tuesday,Night
4077,Airport,12,14-07-2016,02:14:00,Hyderabad,Completed,,91,0,,Thursday,Night
4610,City,12,14-07-2016,10:35:00,Hyderabad,Completed,,216,0,,Thursday,Morning
5066,Airport,12,14-07-2016,19:31:00,Hyderabad,Completed,,131,0,,Thursday,Evening
5666,Airport,12,15-07-2016,07:04:00,Hyderabad,Completed,,112,0,,Friday,Morning
5923,City,12,15-07-2016,10:07:00,Hyderabad,Completed,,59,0,,Friday,Morning
6367,City,12,15-07-2016,19:04:00,Hyderabad,Canceled,Driver No-show,0,39,,Friday,Evening
155,City,13,11-07-2016,05:32:00,Hyderabad,Completed,,174,0,,Monday,Morning
310,Airport,13,11-07-2016,07:24:00,Hyderabad,Completed,,239,0,,Monday,Morning
607,City,13,11-07-2016,11:51:00,Hyderabad,Completed,,87,0,,Monday,Morning
1012,City,13,11-07-2016,19:15:00,Hyderabad,Completed,,62,0,,Monday,Evening
1696,Airport,13,12-07-2016,08:01:00,Hyderabad,Completed,,142,0,,Tuesday,Morning
3076,City,13,13-07-2016,08:09:00,Hyderabad,Completed,,262,0,,Wednesday,Morning
4198,Airport,13,14-07-2016,05:32:00,Hyderabad,Completed,,178,0,,Thursday,Morning
4627,City,13,14-07-2016,11:13:00,Hyderabad,Canceled,Driver No-show,0,20,,Thursday,Morning
5289,City,13,14-07-2016,21:43:00,Hyderabad,Canceled,Rider No-show,0,40,,Thursday,Night
5495,Airport,13,15-07-2016,05:00:00,Hyderabad,Completed,,98,0,,Friday,Morning
6656,Airport,13,15-07-2016,22:08:00,Hyderabad,Canceled,Technical Issue,0,39,,Friday,Night
139,Airport,14,11-07-2016,05:21:00,Hyderabad,Completed,,267,0,,Monday,Morning
215,City,14,11-07-2016,06:15:00,Hyderabad,Completed,,93,0,,Monday,Morning
1816,City,14,12-07-2016,09:24:00,Hyderabad,Completed,,159,0,,Tuesday,Morning
2505,Airport,14,12-07-2016,21:03:00,Hyderabad,Completed,,108,0,,Tuesday,Night
3346,City,14,13-07-2016,13:01:00,Hyderabad,Completed,,236,0,,Wednesday,Afternoon
5294,City,14,14-07-2016,21:45:00,Hyderabad,Completed,,169,0,,Thursday,Night
6226,Airport,14,15-07-2016,17:34:00,Hyderabad,Completed,,276,0,,Friday,Evening
6733,Airport,14,15-07-2016,23:32:00,Hyderabad,Completed,,185,0,,Friday,Night
1027,Airport,15,11-07-2016,19:18:00,Hyderabad,Completed,,188,0,,Monday,Evening
2675,Airport,15,12-07-2016,23:43:00,Hyderabad,Completed,,259,0,,Tuesday,Night
3200,City,15,13-07-2016,09:39:00,Hyderabad,Completed,,182,0,,Wednesday,Morning
3865,City,15,13-07-2016,21:52:00,Hyderabad,Completed,,160,0,,Wednesday,Night
4468,City,15,14-07-2016,08:42:00,Hyderabad,Completed,,103,0,,Thursday,Morning
5163,Airport,15,14-07-2016,20:34:00,Hyderabad,Completed,,110,0,,Thursday,Evening
6009,City,15,15-07-2016,12:22:00,Hyderabad,Completed,,99,0,,Friday,Afternoon
6448,Airport,15,15-07-2016,20:02:00,Hyderabad,Completed,,175,0,,Friday,Evening
591,City,16,11-07-2016,11:25:00,Hyderabad,Completed,,178,0,,Monday,Morning
709,City,16,11-07-2016,14:16:00,Hyderabad,Completed,,223,0,,Monday,Afternoon
1167,Airport,16,11-07-2016,20:50:00,Hyderabad,Completed,,142,0,,Monday,Evening
2661,Airport,16,12-07-2016,23:23:00,Hyderabad,Completed,,197,0,,Tuesday,Night
2808,City,16,13-07-2016,05:05:00,Hyderabad,Completed,,88,0,,Wednesday,Morning
3258,Airport,16,13-07-2016,10:12:00,Hyderabad,Completed,,123,0,,Wednesday,Morning
3413,Airport,16,13-07-2016,15:32:00,Hyderabad,Completed,,192,0,,Wednesday,Afternoon
3939,Airport,16,13-07-2016,22:26:00,Hyderabad,Completed,,201,0,,Wednesday,Night
4125,City,16,14-07-2016,04:37:00,Hyderabad,Completed,,210,0,,Thursday,Night
4457,City,16,14-07-2016,08:36:00,Hyderabad,Canceled,Technical Issue,0,44,,Thursday,Morning
4728,City,16,14-07-2016,14:04:00,Hyderabad,Completed,,72,0,,Thursday,Afternoon
5347,Airport,16,14-07-2016,22:51:00,Hyderabad,Completed,,149,0,,Thursday,Night
6147,City,16,15-07-2016,16:11:00,Hyderabad,Completed,,59,0,,Friday,Afternoon
6496,Airport,16,15-07-2016,20:33:00,Hyderabad,Completed,,145,0,,Friday,Evening
634,City,17,11-07-2016,12:25:00,Hyderabad,Completed,,129,0,,Monday,Afternoon
939,Airport,17,11-07-2016,18:25:00,Hyderabad,Completed,,132,0,,Monday,Evening
2628,Airport,17,12-07-2016,22:10:00,Hyderabad,Completed,,96,0,,Tuesday,Night
3021,City,17,13-07-2016,07:33:00,Hyderabad,Completed,,146,0,,Wednesday,Morning
4743,City,17,14-07-2016,14:54:00,Hyderabad,Completed,,127,0,,Thursday,Afternoon
4981,City,17,14-07-2016,18:47:00,Hyderabad,Completed,,154,0,,Thursday,Evening
5367,Airport,17,14-07-2016,23:35:00,Hyderabad,Completed,,182,0,,Thursday,Night
5471,Airport,17,15-07-2016,04:48:00,Hyderabad,Completed,,260,0,,Friday,Night
5988,Airport,17,15-07-2016,11:48:00,Hyderabad,Completed,,73,0,,Friday,Morning
6477,Airport,17,15-07-2016,20:21:00,Hyderabad,Completed,,181,0,,Friday,Evening
499,City,18,11-07-2016,09:39:00,Hyderabad,Completed,,157,0,,Monday,Morning
1147,Airport,18,11-07-2016,20:42:00,Hyderabad,Completed,,142,0,,Monday,Evening
1410,Airport,18,12-07-2016,03:14:00,Hyderabad,Completed,,208,0,,Tuesday,Night
1804,Airport,18,12-07-2016,09:12:00,Hyderabad,Completed,,247,0,,Tuesday,Morning
1949,Airport,18,12-07-2016,11:32:00,Hyderabad,Completed,,137,0,,Tuesday,Morning
2713,City,18,13-07-2016,01:46:00,Hyderabad,Completed,,216,0,,Wednesday,Night
2845,City,18,13-07-2016,05:28:00,Hyderabad,Canceled,Rider No-show,0,38,,Wednesday,Morning
3943,Airport,18,13-07-2016,22:35:00,Hyderabad,Completed,,196,0,,Wednesday,Night
4792,City,18,14-07-2016,16:47:00,Hyderabad,Completed,,233,0,,Thursday,Afternoon
5207,Airport,18,14-07-2016,20:57:00,Hyderabad,Completed,,83,0,,Thursday,Evening
5890,City,18,15-07-2016,09:43:00,Hyderabad,Canceled,Rider No-show,0,49,,Friday,Morning
494,City,19,11-07-2016,09:36:00,Hyderabad,Completed,,188,0,,Monday,Morning
1485,City,19,12-07-2016,05:21:00,Hyderabad,Completed,,249,0,,Tuesday,Morning
2042,City,19,12-07-2016,14:30:00,Hyderabad,Completed,,174,0,,Tuesday,Afternoon
2561,Airport,19,12-07-2016,21:29:00,Hyderabad,Completed,,246,0,,Tuesday,Night
3813,Airport,19,13-07-2016,21:06:00,Hyderabad,Completed,,113,0,,Wednesday,Night
4260,Airport,19,14-07-2016,06:11:00,Hyderabad,Canceled,Technical Issue,0,45,,Thursday,Morning
4395,City,19,14-07-2016,08:00:00,Hyderabad,Completed,,102,0,,Thursday,Morning
5919,City,19,15-07-2016,10:03:00,Hyderabad,Completed,,190,0,,Friday,Morning
6002,Airport,19,15-07-2016,12:04:00,Hyderabad,Completed,,300,0,,Friday,Afternoon
468,City,20,11-07-2016,09:20:00,Hyderabad,Canceled,Driver No-show,0,21,,Monday,Morning
693,Airport,20,11-07-2016,13:51:00,Hyderabad,Completed,,214,0,,Monday,Afternoon
1178,City,20,11-07-2016,21:05:00,Hyderabad,Completed,,232,0,,Monday,Night
2103,City,20,12-07-2016,16:08:00,Hyderabad,Completed,,201,0,,Tuesday,Afternoon
2292,Airport,20,12-07-2016,18:46:00,Hyderabad,Completed,,93,0,,Tuesday,Evening
3339,City,20,13-07-2016,12:40:00,Hyderabad,Completed,,97,0,,Wednesday,Afternoon
3694,City,20,13-07-2016,19:33:00,Hyderabad,Completed,,290,0,,Wednesday,Evening
4469,City,20,14-07-2016,08:45:00,Hyderabad,Completed,,91,0,,Thursday,Morning
6432,City,20,15-07-2016,19:50:00,Hyderabad,Completed,,54,0,,Friday,Evening
1895,City,21,12-07-2016,10:20:00,Hyderabad,Completed,,90,0,,Tuesday,Morning
1981,Airport,21,12-07-2016,12:23:00,Hyderabad,Completed,,84,0,,Tuesday,Afternoon
3744,Airport,21,13-07-2016,20:28:00,Hyderabad,Completed,,222,0,,Wednesday,Evening
4433,Airport,21,14-07-2016,08:26:00,Hyderabad,Completed,,243,0,,Thursday,Morning
6039,Airport,21,15-07-2016,13:11:00,Hyderabad,Completed,,259,0,,Friday,Afternoon
6543,City,21,15-07-2016,20:54:00,Hyderabad,Completed,,121,0,,Friday,Evening
110,City,22,11-07-2016,05:05:00,Hyderabad,Completed,,290,0,,Monday,Morning
362,City,22,11-07-2016,08:01:00,Hyderabad,Completed,,233,0,,Monday,Morning
666,Airport,22,11-07-2016,13:02:00,Hyderabad,Completed,,155,0,,Monday,Afternoon
926,City,22,11-07-2016,18:28:00,Hyderabad,Completed,,295,0,,Monday,Evening
1180,Airport,22,11-07-2016,21:01:00,Hyderabad,Completed,,174,0,,Monday,Night
1900,City,22,12-07-2016,10:32:00,Hyderabad,Completed,,285,0,,Tuesday,Morning
2506,City,22,12-07-2016,21:01:00,Hyderabad,Canceled,Technical Issue,0,47,,Tuesday,Night
3064,City,22,13-07-2016,08:02:00,Hyderabad,Completed,,208,0,,Wednesday,Morning
3327,Airport,22,13-07-2016,12:24:00,Hyderabad,Completed,,226,0,,Wednesday,Afternoon
3601,City,22,13-07-2016,18:39:00,Hyderabad,Completed,,119,0,,Wednesday,Evening
4768,Airport,22,14-07-2016,15:39:00,Hyderabad,Completed,,263,0,,Thursday,Afternoon
5142,City,22,14-07-2016,20:17:00,Hyderabad,Completed,,265,0,,Thursday,Evening
5366,Airport,22,14-07-2016,23:27:00,Hyderabad,Completed,,159,0,,Thursday,Night
5575,City,22,15-07-2016,05:53:00,Hyderabad,Completed,,175,0,,Friday,Morning
5902,City,22,15-07-2016,09:52:00,Hyderabad,Completed,,96,0,,Friday,Morning
6694,Airport,22,15-07-2016,22:45:00,Hyderabad,Completed,,267,0,,Friday,Night
523,Airport,23,11-07-2016,09:48:00,Hyderabad,Completed,,274,0,,Monday,Morning
747,City,23,11-07-2016,15:53:00,Hyderabad,Canceled,Rider No-show,0,33,,Monday,Afternoon
1371,Airport,23,12-07-2016,00:22:00,Hyderabad,Canceled,Technical Issue,0,43,,Tuesday,Night
1553,City,23,12-07-2016,06:09:00,Hyderabad,Completed,,219,0,,Tuesday,Morning
1692,Airport,23,12-07-2016,07:52:00,Hyderabad,Completed,,61,0,,Tuesday,Morning
2114,City,23,12-07-2016,16:36:00,Hyderabad,Canceled,Rider No-show,0,34,,Tuesday,Afternoon
2742,City,23,13-07-2016,03:07:00,Hyderabad,Completed,,54,0,,Wednesday,Night
4273,City,23,14-07-2016,06:17:00,Hyderabad,Completed,,182,0,,Thursday,Morning
4668,City,23,14-07-2016,12:25:00,Hyderabad,Completed,,104,0,,Thursday,Afternoon
5425,City,23,15-07-2016,02:23:00,Hyderabad,Completed,,211,0,,Friday,Night
5488,City,23,15-07-2016,04:53:00,Hyderabad,Completed,,268,0,,Friday,Night
5781,City,23,15-07-2016,08:35:00,Hyderabad,Completed,,294,0,,Friday,Morning
5966,Airport,23,15-07-2016,10:54:00,Hyderabad,Completed,,131,0,,Friday,Morning
6122,City,23,15-07-2016,15:26:00,Hyderabad,Completed,,50,0,,Friday,Afternoon
357,Airport,24,11-07-2016,08:00:00,Hyderabad,Completed,,177,0,,Monday,Morning
1068,City,24,11-07-2016,19:52:00,Hyderabad,Completed,,108,0,,Monday,Evening
2689,Airport,24,13-07-2016,00:34:00,Hyderabad,Canceled,Technical Issue,0,44,,Wednesday,Night
2791,City,24,13-07-2016,04:56:00,Hyderabad,Completed,,210,0,,Wednesday,Night
3321,City,24,13-07-2016,12:23:00,Hyderabad,Completed,,52,0,,Wednesday,Afternoon
3423,Airport,24,13-07-2016,15:52:00,Hyderabad,Completed,,168,0,,Wednesday,Afternoon
3761,Airport,24,13-07-2016,20:35:00,Hyderabad,Completed,,176,0,,Wednesday,Evening
4140,City,24,14-07-2016,04:48:00,Hyderabad,Completed,,163,0,,Thursday,Night
4656,City,24,14-07-2016,12:06:00,Hyderabad,Canceled,Technical Issue,0,42,,Thursday,Afternoon
4931,Airport,24,14-07-2016,18:21:00,Hyderabad,Completed,,153,0,,Thursday,Evening
5268,City,24,14-07-2016,21:29:00,Hyderabad,Completed,,213,0,,Thursday,Night
5811,City,24,15-07-2016,08:46:00,Hyderabad,Completed,,107,0,,Friday,Morning
6139,Airport,24,15-07-2016,15:45:00,Hyderabad,Completed,,205,0,,Friday,Afternoon
6333,Airport,24,15-07-2016,18:41:00,Hyderabad,Completed,,296,0,,Friday,Evening
773,City,25,11-07-2016,16:23:00,Hyderabad,Completed,,212,0,,Monday,Afternoon
1123,City,25,11-07-2016,20:20:00,Hyderabad,Completed,,204,0,,Monday,Evening
2667,Airport,25,12-07-2016,23:35:00,Hyderabad,Completed,,122,0,,Tuesday,Night
2833,City,25,13-07-2016,05:27:00,Hyderabad,Completed,,113,0,,Wednesday,Morning
3396,City,25,13-07-2016,14:59:00,Hyderabad,Completed,,133,0,,Wednesday,Afternoon
3590,City,25,13-07-2016,18:31:00,Hyderabad,Completed,,139,0,,Wednesday,Evening
3762,City,25,13-07-2016,20:38:00,Hyderabad,Completed,,75,0,,Wednesday,Evening
4566,City,25,14-07-2016,09:48:00,Hyderabad,Completed,,259,0,,Thursday,Morning
4862,City,25,14-07-2016,17:37:00,Hyderabad,Completed,,230,0,,Thursday,Evening
5564,Airport,25,15-07-2016,05:41:00,Hyderabad,Canceled,Rider No-show,0,32,,Friday,Morning
6187,City,25,15-07-2016,17:11:00,Hyderabad,Completed,,59,0,,Friday,Evening
6642,City,25,15-07-2016,22:07:00,Hyderabad,Completed,,233,0,,Friday,Night
322,City,26,11-07-2016,07:31:00,Hyderabad,Completed,,118,0,,Monday,Morning
793,City,26,11-07-2016,17:04:00,Hyderabad,Completed,,294,0,,Monday,Evening
898,Airport,26,11-07-2016,18:14:00,Hyderabad,Completed,,155,0,,Monday,Evening
1258,City,26,11-07-2016,21:51:00,Hyderabad,Completed,,290,0,,Monday,Night
2832,City,26,13-07-2016,05:20:00,Hyderabad,Completed,,192,0,,Wednesday,Morning
3139,City,26,13-07-2016,08:54:00,Hyderabad,Completed,,133,0,,Wednesday,Morning
3438,City,26,13-07-2016,16:12:00,Hyderabad,Completed,,118,0,,Wednesday,Afternoon
3966,Airport,26,13-07-2016,22:50:00,Hyderabad,Completed,,82,0,,Wednesday,Night
6401,Airport,26,15-07-2016,19:33:00,Hyderabad,Completed,,271,0,,Friday,Evening
204,City,27,11-07-2016,06:04:00,Hyderabad,Completed,,68,0,,Monday,Morning
632,Airport,27,11-07-2016,12:20:00,Hyderabad,Completed,,214,0,,Monday,Afternoon
763,City,27,11-07-2016,16:19:00,Hyderabad,Completed,,122,0,,Monday,Afternoon
1786,Airport,27,12-07-2016,09:03:00,Hyderabad,Completed,,259,0,,Tuesday,Morning
1968,City,27,12-07-2016,12:10:00,Hyderabad,Completed,,66,0,,Tuesday,Afternoon
2088,Airport,27,12-07-2016,15:51:00,Hyderabad,Completed,,52,0,,Tuesday,Afternoon
2473,Airport,27,12-07-2016,20:43:00,Hyderabad,Completed,,152,0,,Tuesday,Evening
2869,Airport,27,13-07-2016,05:50:00,Hyderabad,Completed,,249,0,,Wednesday,Morning
3742,Airport,27,13-07-2016,20:24:00,Hyderabad,Completed,,266,0,,Wednesday,Evening
4440,Airport,27,14-07-2016,08:26:00,Hyderabad,Completed,,128,0,,Thursday,Morning
5234,City,27,14-07-2016,21:09:00,Hyderabad,Completed,,130,0,,Thursday,Night
6354,Airport,27,15-07-2016,18:59:00,Hyderabad,Completed,,50,0,,Friday,Evening
6638,City,27,15-07-2016,21:59:00,Hyderabad,Completed,,215,0,,Friday,Night
84,City,28,11-07-2016,04:50:00,Hyderabad,Completed,,254,0,,Monday,Night
1199,City,28,11-07-2016,21:17:00,Hyderabad,Completed,,197,0,,Monday,Night
1676,Airport,28,12-07-2016,07:44:00,Hyderabad,Completed,,167,0,,Tuesday,Morning
2774,City,28,13-07-2016,04:33:00,Hyderabad,Completed,,263,0,,Wednesday,Night
3220,Airport,28,13-07-2016,09:51:00,Hyderabad,Completed,,299,0,,Wednesday,Morning
3718,Airport,28,13-07-2016,19:56:00,Hyderabad,Completed,,106,0,,Wednesday,Evening
4904,Airport,28,14-07-2016,18:02:00,Hyderabad,Completed,,90,0,,Thursday,Evening
6527,Airport,28,15-07-2016,20:54:00,Hyderabad,Completed,,137,0,,Friday,Evening
6710,City,28,15-07-2016,23:02:00,Hyderabad,Completed,,125,0,,Friday,Night
1584,Airport,29,12-07-2016,06:26:00,Hyderabad,Completed,,56,0,,Tuesday,Morning
1966,Airport,29,12-07-2016,12:05:00,Hyderabad,Completed,,265,0,,Tuesday,Afternoon
2827,City,29,13-07-2016,05:18:00,Hyderabad,Completed,,138,0,,Wednesday,Morning
2945,Airport,29,13-07-2016,06:34:00,Hyderabad,Completed,,110,0,,Wednesday,Morning
3365,City,29,13-07-2016,13:47:00,Hyderabad,Completed,,50,0,,Wednesday,Afternoon
3548,Airport,29,13-07-2016,18:07:00,Hyderabad,Completed,,138,0,,Wednesday,Evening
3753,City,29,13-07-2016,20:30:00,Hyderabad,Completed,,67,0,,Wednesday,Evening
4569,Airport,29,14-07-2016,09:48:00,Hyderabad,Completed,,269,0,,Thursday,Morning
6309,Airport,29,15-07-2016,18:29:00,Hyderabad,Canceled,Technical Issue,0,43,,Friday,Evening
6437,City,29,15-07-2016,19:53:00,Hyderabad,Completed,,210,0,,Friday,Evening
517,Airport,30,11-07-2016,09:45:00,Hyderabad,Completed,,132,0,,Monday,Morning
1406,Airport,30,12-07-2016,03:02:00,Hyderabad,Completed,,161,0,,Tuesday,Night
1643,Airport,30,12-07-2016,07:18:00,Hyderabad,Completed,,207,0,,Tuesday,Morning
2108,Airport,30,12-07-2016,16:14:00,Hyderabad,Completed,,56,0,,Tuesday,Afternoon
2647,City,30,12-07-2016,22:46:00,Hyderabad,Completed,,241,0,,Tuesday,Night
3129,City,30,13-07-2016,08:41:00,Hyderabad,Completed,,178,0,,Wednesday,Morning
3738,Airport,30,13-07-2016,20:15:00,Hyderabad,Completed,,191,0,,Wednesday,Evening
4422,Airport,30,14-07-2016,08:13:00,Hyderabad,Completed,,274,0,,Thursday,Morning
4790,City,30,14-07-2016,16:43:00,Hyderabad,Completed,,50,0,,Thursday,Afternoon
5496,City,30,15-07-2016,04:59:00,Hyderabad,Completed,,275,0,,Friday,Night
6484,Airport,30,15-07-2016,20:19:00,Hyderabad,Completed,,180,0,,Friday,Evening
6731,Airport,30,15-07-2016,23:23:00,Hyderabad,Completed,,165,0,,Friday,Night
629,Airport,31,11-07-2016,12:14:00,Hyderabad,Completed,,215,0,,Monday,Afternoon
745,Airport,31,11-07-2016,15:48:00,Hyderabad,Completed,,114,0,,Monday,Afternoon
1064,City,31,11-07-2016,19:53:00,Hyderabad,Completed,,154,0,,Monday,Evening
1886,Airport,31,12-07-2016,10:10:00,Hyderabad,Completed,,183,0,,Tuesday,Morning
5608,Airport,31,15-07-2016,06:18:00,Hyderabad,Completed,,147,0,,Friday,Morning
5877,City,31,15-07-2016,09:37:00,Hyderabad,Completed,,205,0,,Friday,Morning
6100,Airport,31,15-07-2016,14:44:00,Hyderabad,Completed,,60,0,,Friday,Afternoon
6659,Airport,31,15-07-2016,22:15:00,Hyderabad,Completed,,223,0,,Friday,Night
2162,Airport,32,12-07-2016,17:34:00,Hyderabad,Completed,,53,0,,Tuesday,Evening
3294,Airport,32,13-07-2016,11:23:00,Hyderabad,Completed,,86,0,,Wednesday,Morning
3686,City,32,13-07-2016,19:33:00,Hyderabad,Completed,,86,0,,Wednesday,Evening
4784,City,32,14-07-2016,16:41:00,Hyderabad,Completed,,150,0,,Thursday,Afternoon
5896,City,32,15-07-2016,09:47:00,Hyderabad,Completed,,57,0,,Friday,Morning
6190,City,32,15-07-2016,17:11:00,Hyderabad,Completed,,97,0,,Friday,Evening
6551,City,32,15-07-2016,21:03:00,Hyderabad,Completed,,259,0,,Friday,Night
145,City,33,11-07-2016,05:32:00,Hyderabad,Completed,,182,0,,Monday,Morning
735,City,33,11-07-2016,15:27:00,Hyderabad,Completed,,218,0,,Monday,Afternoon
918,Airport,33,11-07-2016,18:22:00,Hyderabad,Completed,,90,0,,Monday,Evening
1478,City,33,12-07-2016,05:16:00,Hyderabad,Completed,,239,0,,Tuesday,Morning
1957,City,33,12-07-2016,11:45:00,Hyderabad,Completed,,277,0,,Tuesday,Morning
3097,City,33,13-07-2016,08:15:00,Hyderabad,Completed,,222,0,,Wednesday,Morning
3981,Airport,33,13-07-2016,23:13:00,Hyderabad,Completed,,211,0,,Wednesday,Night
4175,City,33,14-07-2016,05:11:00,Hyderabad,Completed,,62,0,,Thursday,Morning
6237,City,33,15-07-2016,17:50:00,Hyderabad,Completed,,125,0,,Friday,Evening
738,City,34,11-07-2016,15:30:00,Hyderabad,Completed,,237,0,,Monday,Afternoon
2731,City,34,13-07-2016,02:38:00,Hyderabad,Completed,,81,0,,Wednesday,Night
2863,Airport,34,13-07-2016,05:46:00,Hyderabad,Canceled,Driver No-show,0,34,,Wednesday,Morning
3528,Airport,34,13-07-2016,17:50:00,Hyderabad,Completed,,189,0,,Wednesday,Evening
4653,City,34,14-07-2016,11:58:00,Hyderabad,Completed,,67,0,,Thursday,Morning
5042,City,34,14-07-2016,19:21:00,Hyderabad,Completed,,147,0,,Thursday,Evening
360,Airport,35,11-07-2016,08:02:00,Hyderabad,Completed,,176,0,,Monday,Morning
771,Airport,35,11-07-2016,16:19:00,Hyderabad,Completed,,53,0,,Monday,Afternoon
1274,City,35,11-07-2016,22:01:00,Hyderabad,Canceled,Driver No-show,0,27,,Monday,Night
1501,City,35,12-07-2016,05:41:00,Hyderabad,Completed,,265,0,,Tuesday,Morning
1972,City,35,12-07-2016,12:22:00,Hyderabad,Completed,,156,0,,Tuesday,Afternoon
2871,City,35,13-07-2016,05:53:00,Hyderabad,Completed,,280,0,,Wednesday,Morning
3395,City,35,13-07-2016,14:52:00,Hyderabad,Completed,,148,0,,Wednesday,Afternoon
3572,City,35,13-07-2016,18:25:00,Hyderabad,Completed,,192,0,,Wednesday,Evening
4118,Airport,35,14-07-2016,04:28:00,Hyderabad,Completed,,172,0,,Thursday,Night
4739,City,35,14-07-2016,14:52:00,Hyderabad,Completed,,188,0,,Thursday,Afternoon
6556,City,35,15-07-2016,21:09:00,Hyderabad,Completed,,118,0,,Friday,Night
6677,Airport,35,15-07-2016,22:29:00,Hyderabad,Canceled,Technical Issue,0,32,,Friday,Night
1104,Airport,36,11-07-2016,20:17:00,Hyderabad,Completed,,118,0,,Monday,Evening
1596,Airport,36,12-07-2016,06:39:00,Hyderabad,Completed,,135,0,,Tuesday,Morning
1835,Airport,36,12-07-2016,09:35:00,Hyderabad,Canceled,Driver No-show,0,25,,Tuesday,Morning
2110,Airport,36,12-07-2016,16:19:00,Hyderabad,Completed,,184,0,,Tuesday,Afternoon
2759,Airport,36,13-07-2016,03:50:00,Hyderabad,Completed,,70,0,,Wednesday,Night
3010,Airport,36,13-07-2016,07:26:00,Hyderabad,Completed,,161,0,,Wednesday,Morning
3403,City,36,13-07-2016,15:16:00,Hyderabad,Canceled,Rider No-show,0,31,,Wednesday,Afternoon
3856,Airport,36,13-07-2016,21:34:00,Hyderabad,Completed,,125,0,,Wednesday,Night
4472,City,36,14-07-2016,08:39:00,Hyderabad,Completed,,58,0,,Thursday,Morning
5199,City,36,14-07-2016,20:50:00,Hyderabad,Completed,,63,0,,Thursday,Evening
5612,City,36,15-07-2016,06:15:00,Hyderabad,Canceled,Rider No-show,0,30,,Friday,Morning
6614,Airport,36,15-07-2016,21:40:00,Hyderabad,Completed,,116,0,,Friday,Night
191,Airport,37,11-07-2016,05:55:00,Hyderabad,Completed,,292,0,,Monday,Morning
333,City,37,11-07-2016,07:43:00,Hyderabad,Completed,,243,0,,Monday,Morning
488,Airport,37,11-07-2016,09:35:00,Hyderabad,Completed,,140,0,,Monday,Morning
1780,City,37,12-07-2016,08:58:00,Hyderabad,Completed,,115,0,,Tuesday,Morning
2235,Airport,37,12-07-2016,18:12:00,Hyderabad,Completed,,121,0,,Tuesday,Evening
2516,City,37,12-07-2016,21:05:00,Hyderabad,Completed,,290,0,,Tuesday,Night
4209,City,37,14-07-2016,05:37:00,Hyderabad,Completed,,86,0,,Thursday,Morning
4726,City,37,14-07-2016,13:52:00,Hyderabad,Canceled,Rider No-show,0,43,,Thursday,Afternoon
5088,Airport,37,14-07-2016,19:52:00,Hyderabad,Completed,,115,0,,Thursday,Evening
5352,Airport,37,14-07-2016,23:01:00,Hyderabad,Completed,,282,0,,Thursday,Night
6024,Airport,37,15-07-2016,12:43:00,Hyderabad,Completed,,276,0,,Friday,Afternoon
6196,Airport,37,15-07-2016,17:19:00,Hyderabad,Completed,,92,0,,Friday,Evening
6297,City,37,15-07-2016,18:21:00,Hyderabad,Completed,,237,0,,Friday,Evening
125,City,38,11-07-2016,05:12:00,Hyderabad,Completed,,248,0,,Monday,Morning
1611,City,38,12-07-2016,06:49:00,Hyderabad,Completed,,238,0,,Tuesday,Morning
1814,City,38,12-07-2016,09:19:00,Hyderabad,Completed,,274,0,,Tuesday,Morning
3088,City,38,13-07-2016,08:12:00,Hyderabad,Completed,,263,0,,Wednesday,Morning
3384,Airport,38,13-07-2016,14:40:00,Hyderabad,Completed,,207,0,,Wednesday,Afternoon
4218,Airport,38,14-07-2016,05:38:00,Hyderabad,Completed,,205,0,,Thursday,Morning
5757,City,38,15-07-2016,08:12:00,Hyderabad,Completed,,187,0,,Friday,Morning
5958,Airport,38,15-07-2016,10:48:00,Hyderabad,Completed,,267,0,,Friday,Morning
6314,City,38,15-07-2016,18:31:00,Hyderabad,Completed,,229,0,,Friday,Evening
249,City,39,11-07-2016,06:31:00,Hyderabad,Completed,,110,0,,Monday,Morning
728,City,39,11-07-2016,15:05:00,Hyderabad,Completed,,233,0,,Monday,Afternoon
3042,City,39,13-07-2016,07:38:00,Hyderabad,Completed,,130,0,,Wednesday,Morning
3620,City,39,13-07-2016,18:54:00,Hyderabad,Completed,,207,0,,Wednesday,Evening
4276,City,39,14-07-2016,06:22:00,Hyderabad,Completed,,76,0,,Thursday,Morning
4735,City,39,14-07-2016,14:43:00,Hyderabad,Completed,,190,0,,Thursday,Afternoon
1353,Airport,40,11-07-2016,23:51:00,Hyderabad,Completed,,227,0,,Monday,Night
1568,City,40,12-07-2016,06:18:00,Hyderabad,Completed,,138,0,,Tuesday,Morning
2465,City,40,12-07-2016,20:38:00,Hyderabad,Completed,,200,0,,Tuesday,Evening
3688,City,40,13-07-2016,19:39:00,Hyderabad,Completed,,111,0,,Wednesday,Evening
4727,City,40,14-07-2016,14:06:00,Hyderabad,Completed,,253,0,,Thursday,Afternoon
5348,City,40,14-07-2016,22:50:00,Hyderabad,Completed,,239,0,,Thursday,Night
6537,Airport,40,15-07-2016,20:52:00,Hyderabad,Completed,,246,0,,Friday,Evening
1941,Airport,41,12-07-2016,11:29:00,Hyderabad,Completed,,236,0,,Tuesday,Morning
3766,Airport,41,13-07-2016,20:33:00,Hyderabad,Completed,,65,0,,Wednesday,Evening
4243,Airport,41,14-07-2016,06:02:00,Hyderabad,Completed,,181,0,,Thursday,Morning
4717,Airport,41,14-07-2016,13:42:00,Hyderabad,Completed,,118,0,,Thursday,Afternoon
5682,City,41,15-07-2016,07:16:00,Hyderabad,Completed,,194,0,,Friday,Morning
6343,City,41,15-07-2016,18:44:00,Hyderabad,Completed,,108,0,,Friday,Evening
6726,Airport,41,15-07-2016,23:22:00,Hyderabad,Completed,,60,0,,Friday,Night
238,City,42,11-07-2016,06:27:00,Hyderabad,Completed,,235,0,,Monday,Morning
2624,City,42,12-07-2016,22:16:00,Hyderabad,Completed,,275,0,,Tuesday,Night
2787,City,42,13-07-2016,04:54:00,Hyderabad,Completed,,109,0,,Wednesday,Night
3992,City,42,13-07-2016,23:24:00,Hyderabad,Completed,,208,0,,Wednesday,Night
4974,City,42,14-07-2016,18:44:00,Hyderabad,Completed,,265,0,,Thursday,Evening
5478,Airport,42,15-07-2016,04:43:00,Hyderabad,Completed,,64,0,,Friday,Night
5641,City,42,15-07-2016,06:46:00,Hyderabad,Completed,,183,0,,Friday,Morning
128,City,43,11-07-2016,05:12:00,Hyderabad,Completed,,229,0,,Monday,Morning
627,City,43,11-07-2016,12:12:00,Hyderabad,Completed,,175,0,,Monday,Afternoon
1766,Airport,43,12-07-2016,08:45:00,Hyderabad,Completed,,155,0,,Tuesday,Morning
2089,City,43,12-07-2016,15:49:00,Hyderabad,Completed,,171,0,,Tuesday,Afternoon
3565,City,43,13-07-2016,18:13:00,Hyderabad,Completed,,271,0,,Wednesday,Evening
3954,Airport,43,13-07-2016,22:43:00,Hyderabad,Completed,,152,0,,Wednesday,Night
4204,City,43,14-07-2016,05:36:00,Hyderabad,Canceled,Driver No-show,0,23,,Thursday,Morning
4651,City,43,14-07-2016,11:54:00,Hyderabad,Completed,,295,0,,Thursday,Morning
5814,City,43,15-07-2016,08:43:00,Hyderabad,Completed,,126,0,,Friday,Morning
6062,City,43,15-07-2016,13:48:00,Hyderabad,Completed,,246,0,,Friday,Afternoon
118,Airport,44,11-07-2016,05:11:00,Hyderabad,Completed,,101,0,,Monday,Morning
339,Airport,44,11-07-2016,07:49:00,Hyderabad,Completed,,221,0,,Monday,Morning
766,City,44,11-07-2016,16:23:00,Hyderabad,Completed,,184,0,,Monday,Afternoon
1133,Airport,44,11-07-2016,20:27:00,Hyderabad,Completed,,100,0,,Monday,Evening
2458,City,44,12-07-2016,20:33:00,Hyderabad,Completed,,90,0,,Tuesday,Evening
3060,Airport,44,13-07-2016,07:56:00,Hyderabad,Completed,,221,0,,Wednesday,Morning
3653,City,44,13-07-2016,19:18:00,Hyderabad,Completed,,117,0,,Wednesday,Evening
4321,City,44,14-07-2016,06:56:00,Hyderabad,Completed,,82,0,,Thursday,Morning
5672,Airport,44,15-07-2016,07:07:00,Hyderabad,Canceled,Technical Issue,0,42,,Friday,Morning
1698,City,45,12-07-2016,07:56:00,Hyderabad,Completed,,263,0,,Tuesday,Morning
2098,City,45,12-07-2016,16:12:00,Hyderabad,Canceled,Technical Issue,0,38,,Tuesday,Afternoon
2733,City,45,13-07-2016,02:37:00,Hyderabad,Completed,,264,0,,Wednesday,Night
2917,Airport,45,13-07-2016,06:21:00,Hyderabad,Completed,,172,0,,Wednesday,Morning
3151,Airport,45,13-07-2016,09:00:00,Hyderabad,Completed,,91,0,,Wednesday,Morning
3358,City,45,13-07-2016,13:30:00,Hyderabad,Completed,,133,0,,Wednesday,Afternoon
5435,City,45,15-07-2016,02:52:00,Hyderabad,Completed,,253,0,,Friday,Night
5717,Airport,45,15-07-2016,07:41:00,Hyderabad,Completed,,64,0,,Friday,Morning
635,Airport,46,11-07-2016,12:25:00,Hyderabad,Completed,,72,0,,Monday,Afternoon
1275,Airport,46,11-07-2016,22:05:00,Hyderabad,Canceled,Rider No-show,0,31,,Monday,Night
1562,Airport,46,12-07-2016,06:16:00,Hyderabad,Completed,,237,0,,Tuesday,Morning
2908,Airport,46,13-07-2016,06:14:00,Hyderabad,Completed,,75,0,,Wednesday,Morning
3414,City,46,13-07-2016,15:28:00,Hyderabad,Canceled,Driver No-show,0,41,,Wednesday,Afternoon
3638,Airport,46,13-07-2016,19:09:00,Hyderabad,Completed,,92,0,,Wednesday,Evening
5132,Airport,46,14-07-2016,20:11:00,Hyderabad,Completed,,128,0,,Thursday,Evening
5422,City,46,15-07-2016,02:09:00,Hyderabad,Completed,,263,0,,Friday,Night
5724,City,46,15-07-2016,07:40:00,Hyderabad,Completed,,168,0,,Friday,Morning
6026,Airport,46,15-07-2016,12:50:00,Hyderabad,Completed,,236,0,,Friday,Afternoon
6416,City,46,15-07-2016,19:42:00,Hyderabad,Completed,,290,0,,Friday,Evening
995,Airport,47,11-07-2016,19:11:00,Hyderabad,Completed,,266,0,,Monday,Evening
1771,City,47,12-07-2016,08:56:00,Hyderabad,Completed,,77,0,,Tuesday,Morning
2729,Airport,47,13-07-2016,02:36:00,Hyderabad,Completed,,101,0,,Wednesday,Night
3416,City,47,13-07-2016,15:31:00,Hyderabad,Completed,,293,0,,Wednesday,Afternoon
4286,City,47,14-07-2016,06:35:00,Hyderabad,Completed,,147,0,,Thursday,Morning
5012,Airport,47,14-07-2016,18:59:00,Hyderabad,Completed,,130,0,,Thursday,Evening
6761,Airport,47,15-07-2016,00:05:00,Hyderabad,Completed,,281,0,,Friday,Night
5638,City,47,15-07-2016,06:40:00,Hyderabad,Completed,,257,0,,Friday,Morning
6191,Airport,47,15-07-2016,17:17:00,Hyderabad,Completed,,53,0,,Friday,Evening
443,City,48,11-07-2016,09:05:00,Hyderabad,Completed,,161,0,,Monday,Morning
1299,City,48,11-07-2016,22:22:00,Hyderabad,Completed,,154,0,,Monday,Night
1637,Airport,48,12-07-2016,07:09:00,Hyderabad,Completed,,251,0,,Tuesday,Morning
2099,Airport,48,12-07-2016,16:03:00,Hyderabad,Completed,,186,0,,Tuesday,Afternoon
2349,Airport,48,12-07-2016,19:22:00,Hyderabad,Completed,,244,0,,Tuesday,Evening
3081,City,48,13-07-2016,08:10:00,Hyderabad,Completed,,169,0,,Wednesday,Morning
3555,Airport,48,13-07-2016,18:08:00,Hyderabad,Completed,,296,0,,Wednesday,Evening
3798,City,48,13-07-2016,20:55:00,Hyderabad,Completed,,129,0,,Wednesday,Evening
3982,Airport,48,13-07-2016,23:16:00,Hyderabad,Completed,,229,0,,Wednesday,Night
4082,Airport,48,14-07-2016,02:37:00,Hyderabad,Completed,,71,0,,Thursday,Night
4672,City,48,14-07-2016,12:36:00,Hyderabad,Completed,,96,0,,Thursday,Afternoon
4937,City,48,14-07-2016,18:22:00,Hyderabad,Completed,,63,0,,Thursday,Evening
5594,Airport,48,15-07-2016,06:05:00,Hyderabad,Canceled,Rider No-show,0,40,,Friday,Morning
540,City,49,11-07-2016,09:56:00,Hyderabad,Completed,,272,0,,Monday,Morning
1533,City,49,12-07-2016,05:56:00,Hyderabad,Completed,,236,0,,Tuesday,Morning
2359,City,49,12-07-2016,19:31:00,Hyderabad,Completed,,234,0,,Tuesday,Evening
2603,City,49,12-07-2016,22:00:00,Hyderabad,Completed,,71,0,,Tuesday,Night
2965,Airport,49,13-07-2016,06:56:00,Hyderabad,Completed,,113,0,,Wednesday,Morning
4002,City,49,13-07-2016,23:39:00,Hyderabad,Completed,,128,0,,Wednesday,Night
4364,Airport,49,14-07-2016,07:26:00,Hyderabad,Completed,,162,0,,Thursday,Morning
4614,Airport,49,14-07-2016,10:51:00,Hyderabad,Completed,,122,0,,Thursday,Morning
5235,Airport,49,14-07-2016,21:08:00,Hyderabad,Completed,,231,0,,Thursday,Night
5979,Airport,49,15-07-2016,11:35:00,Hyderabad,Completed,,75,0,,Friday,Morning
6145,Airport,49,15-07-2016,16:08:00,Hyderabad,Completed,,179,0,,Friday,Afternoon
6363,Airport,49,15-07-2016,19:07:00,Hyderabad,Completed,,80,0,,Friday,Evening
2481,City,50,12-07-2016,20:40:00,Hyderabad,Completed,,224,0,,Tuesday,Evening
3328,Airport,50,13-07-2016,12:28:00,Hyderabad,Completed,,267,0,,Wednesday,Afternoon
3908,Airport,50,13-07-2016,22:07:00,Hyderabad,Completed,,153,0,,Wednesday,Night
4416,City,50,14-07-2016,08:12:00,Hyderabad,Canceled,Technical Issue,0,21,,Thursday,Morning
4966,Airport,50,14-07-2016,18:35:00,Hyderabad,Completed,,85,0,,Thursday,Evening
5243,City,50,14-07-2016,21:12:00,Hyderabad,Completed,,130,0,,Thursday,Night
5697,City,50,15-07-2016,07:32:00,Hyderabad,Completed,,185,0,,Friday,Morning
5864,Airport,50,15-07-2016,09:22:00,Hyderabad,Completed,,290,0,,Friday,Morning
6530,Airport,50,15-07-2016,20:51:00,Hyderabad,Completed,,60,0,,Friday,Evening
686,City,51,11-07-2016,13:44:00,Hyderabad,Canceled,Rider No-show,0,41,,Monday,Afternoon
777,Airport,51,11-07-2016,16:41:00,Hyderabad,Completed,,201,0,,Monday,Afternoon
1455,Airport,51,12-07-2016,04:56:00,Hyderabad,Completed,,162,0,,Tuesday,Night
1906,Airport,51,12-07-2016,10:38:00,Hyderabad,Canceled,Driver No-show,0,20,,Tuesday,Morning
2432,Airport,51,12-07-2016,20:15:00,Hyderabad,Completed,,146,0,,Tuesday,Evening
2977,Airport,51,13-07-2016,06:52:00,Hyderabad,Completed,,190,0,,Wednesday,Morning
3964,City,51,13-07-2016,22:53:00,Hyderabad,Completed,,290,0,,Wednesday,Night
4182,Airport,51,14-07-2016,05:24:00,Hyderabad,Completed,,70,0,,Thursday,Morning
4679,City,51,14-07-2016,12:44:00,Hyderabad,Completed,,289,0,,Thursday,Afternoon
4997,City,51,14-07-2016,18:57:00,Hyderabad,Completed,,247,0,,Thursday,Evening
5600,City,51,15-07-2016,06:09:00,Hyderabad,Completed,,112,0,,Friday,Morning
5910,Airport,51,15-07-2016,10:00:00,Hyderabad,Completed,,267,0,,Friday,Morning
6597,Airport,51,15-07-2016,21:35:00,Hyderabad,Completed,,264,0,,Friday,Night
64,City,52,11-07-2016,04:16:00,Hyderabad,Completed,,259,0,,Monday,Night
687,Airport,52,11-07-2016,13:41:00,Hyderabad,Completed,,249,0,,Monday,Afternoon
1625,City,52,12-07-2016,07:01:00,Hyderabad,Completed,,105,0,,Tuesday,Morning
1958,Airport,52,12-07-2016,11:41:00,Hyderabad,Completed,,226,0,,Tuesday,Morning
2160,Airport,52,12-07-2016,17:32:00,Hyderabad,Completed,,124,0,,Tuesday,Evening
2517,Airport,52,12-07-2016,21:04:00,Hyderabad,Completed,,106,0,,Tuesday,Night
2894,City,52,13-07-2016,06:01:00,Hyderabad,Completed,,169,0,,Wednesday,Morning
3739,Airport,52,13-07-2016,20:21:00,Hyderabad,Completed,,231,0,,Wednesday,Evening
4737,City,52,14-07-2016,14:37:00,Hyderabad,Completed,,253,0,,Thursday,Afternoon
5064,Airport,52,14-07-2016,19:28:00,Hyderabad,Completed,,80,0,,Thursday,Evening
313,City,53,11-07-2016,07:26:00,Hyderabad,Completed,,61,0,,Monday,Morning
2107,City,53,12-07-2016,16:18:00,Hyderabad,Completed,,122,0,,Tuesday,Afternoon
2819,City,53,13-07-2016,05:12:00,Hyderabad,Completed,,88,0,,Wednesday,Morning
2932,Airport,53,13-07-2016,06:28:00,Hyderabad,Completed,,141,0,,Wednesday,Morning
3593,City,53,13-07-2016,18:34:00,Hyderabad,Completed,,53,0,,Wednesday,Evening
4760,City,53,14-07-2016,15:19:00,Hyderabad,Completed,,237,0,,Thursday,Afternoon
6681,Airport,53,15-07-2016,22:32:00,Hyderabad,Completed,,127,0,,Friday,Night
234,City,54,11-07-2016,06:27:00,Hyderabad,Completed,,178,0,,Monday,Morning
425,Airport,54,11-07-2016,08:48:00,Hyderabad,Completed,,257,0,,Monday,Morning
1528,City,54,12-07-2016,05:58:00,Hyderabad,Completed,,115,0,,Tuesday,Morning
1671,Airport,54,12-07-2016,07:41:00,Hyderabad,Completed,,151,0,,Tuesday,Morning
2223,City,54,12-07-2016,18:07:00,Hyderabad,Completed,,126,0,,Tuesday,Evening
3268,Airport,54,13-07-2016,10:27:00,Hyderabad,Completed,,193,0,,Wednesday,Morning
3530,Airport,54,13-07-2016,17:53:00,Hyderabad,Completed,,119,0,,Wednesday,Evening
4765,Airport,54,14-07-2016,15:36:00,Hyderabad,Completed,,231,0,,Thursday,Afternoon
531,City,55,11-07-2016,10:01:00,Hyderabad,Completed,,272,0,,Monday,Morning
1721,City,55,12-07-2016,08:10:00,Hyderabad,Completed,,112,0,,Tuesday,Morning
2665,Airport,55,12-07-2016,23:30:00,Hyderabad,Completed,,190,0,,Tuesday,Night
2951,City,55,13-07-2016,06:40:00,Hyderabad,Completed,,233,0,,Wednesday,Morning
3786,Airport,55,13-07-2016,20:47:00,Hyderabad,Completed,,109,0,,Wednesday,Evening
4049,City,55,14-07-2016,01:03:00,Hyderabad,Completed,,105,0,,Thursday,Night
4079,Airport,55,14-07-2016,02:31:00,Hyderabad,Completed,,223,0,,Thursday,Night
4233,Airport,55,14-07-2016,05:51:00,Hyderabad,Completed,,76,0,,Thursday,Morning
4884,Airport,55,14-07-2016,17:53:00,Hyderabad,Completed,,263,0,,Thursday,Evening
6350,City,55,15-07-2016,18:57:00,Hyderabad,Completed,,225,0,,Friday,Evening
1914,Airport,56,12-07-2016,10:42:00,Hyderabad,Completed,,87,0,,Tuesday,Morning
3205,City,56,13-07-2016,09:38:00,Hyderabad,Completed,,262,0,,Wednesday,Morning
3448,City,56,13-07-2016,16:40:00,Hyderabad,Completed,,81,0,,Wednesday,Afternoon
4628,City,56,14-07-2016,11:13:00,Hyderabad,Completed,,275,0,,Thursday,Morning
5418,City,56,15-07-2016,02:03:00,Hyderabad,Completed,,180,0,,Friday,Night
5654,City,56,15-07-2016,06:56:00,Hyderabad,Completed,,268,0,,Friday,Morning
614,City,57,11-07-2016,11:49:00,Hyderabad,Completed,,193,0,,Monday,Morning
1340,City,57,11-07-2016,23:22:00,Hyderabad,Completed,,216,0,,Monday,Night
1576,City,57,12-07-2016,06:27:00,Hyderabad,Completed,,195,0,,Tuesday,Morning
1974,Airport,57,12-07-2016,12:19:00,Hyderabad,Completed,,140,0,,Tuesday,Afternoon
2597,City,57,12-07-2016,21:52:00,Hyderabad,Completed,,211,0,,Tuesday,Night
4690,City,57,14-07-2016,13:04:00,Hyderabad,Completed,,203,0,,Thursday,Afternoon
6267,Airport,57,15-07-2016,18:10:00,Hyderabad,Completed,,278,0,,Friday,Evening
660,Airport,58,11-07-2016,12:55:00,Hyderabad,Completed,,130,0,,Monday,Afternoon
943,Airport,58,11-07-2016,18:34:00,Hyderabad,Completed,,154,0,,Monday,Evening
1445,Airport,58,12-07-2016,04:45:00,Hyderabad,Completed,,189,0,,Tuesday,Night
3070,City,58,13-07-2016,07:53:00,Hyderabad,Completed,,184,0,,Wednesday,Morning
3440,City,58,13-07-2016,16:26:00,Hyderabad,Completed,,77,0,,Wednesday,Afternoon
4503,City,58,14-07-2016,09:05:00,Hyderabad,Canceled,Technical Issue,0,31,,Thursday,Morning
4771,Airport,58,14-07-2016,15:57:00,Hyderabad,Completed,,134,0,,Thursday,Afternoon
4797,City,58,14-07-2016,16:55:00,Hyderabad,Completed,,88,0,,Thursday,Afternoon
4898,Airport,58,14-07-2016,18:02:00,Hyderabad,Completed,,297,0,,Thursday,Evening
172,Airport,59,11-07-2016,05:41:00,Hyderabad,Completed,,218,0,,Monday,Morning
518,City,59,11-07-2016,09:46:00,Hyderabad,Completed,,157,0,,Monday,Morning
843,Airport,59,11-07-2016,17:38:00,Hyderabad,Completed,,243,0,,Monday,Evening
1070,City,59,11-07-2016,19:58:00,Hyderabad,Completed,,228,0,,Monday,Evening
2078,Airport,59,12-07-2016,15:36:00,Hyderabad,Completed,,138,0,,Tuesday,Afternoon
5382,City,59,14-07-2016,00:08:00,Hyderabad,Completed,,62,0,,Thursday,Night
4119,City,59,14-07-2016,04:22:00,Hyderabad,Completed,,262,0,,Thursday,Night
4623,City,59,14-07-2016,11:00:00,Hyderabad,Completed,,63,0,,Thursday,Morning
620,City,60,11-07-2016,12:04:00,Hyderabad,Completed,,175,0,,Monday,Afternoon
1286,Airport,60,11-07-2016,22:18:00,Hyderabad,Completed,,273,0,,Monday,Night
2482,City,60,12-07-2016,20:45:00,Hyderabad,Canceled,Technical Issue,0,41,,Tuesday,Evening
3672,Airport,60,13-07-2016,19:28:00,Hyderabad,Completed,,268,0,,Wednesday,Evening
3959,City,60,13-07-2016,22:51:00,Hyderabad,Completed,,162,0,,Wednesday,Night
4659,City,60,14-07-2016,12:10:00,Hyderabad,Completed,,113,0,,Thursday,Afternoon
5060,Airport,60,14-07-2016,19:26:00,Hyderabad,Completed,,182,0,,Thursday,Evening
5942,City,60,15-07-2016,10:29:00,Hyderabad,Completed,,122,0,,Friday,Morning
1349,Airport,61,11-07-2016,23:41:00,Hyderabad,Canceled,Driver No-show,0,49,,Monday,Night
2192,Airport,61,12-07-2016,17:44:00,Hyderabad,Canceled,Rider No-show,0,22,,Tuesday,Evening
2323,City,61,12-07-2016,19:06:00,Hyderabad,Canceled,Driver No-show,0,30,,Tuesday,Evening
2717,City,61,13-07-2016,02:00:00,Hyderabad,Completed,,139,0,,Wednesday,Night
3338,Airport,61,13-07-2016,12:36:00,Hyderabad,Completed,,98,0,,Wednesday,Afternoon
4475,City,61,14-07-2016,08:44:00,Hyderabad,Completed,,66,0,,Thursday,Morning
4786,City,61,14-07-2016,16:40:00,Hyderabad,Completed,,249,0,,Thursday,Afternoon
5017,City,61,14-07-2016,19:09:00,Hyderabad,Completed,,237,0,,Thursday,Evening
5580,City,61,15-07-2016,05:51:00,Hyderabad,Completed,,174,0,,Friday,Morning
6066,Airport,61,15-07-2016,13:54:00,Hyderabad,Completed,,224,0,,Friday,Afternoon
418,City,62,11-07-2016,08:42:00,Hyderabad,Completed,,288,0,,Monday,Morning
608,Airport,62,11-07-2016,11:57:00,Hyderabad,Completed,,59,0,,Monday,Morning
1842,City,62,12-07-2016,09:40:00,Hyderabad,Completed,,289,0,,Tuesday,Morning
4004,City,62,13-07-2016,23:40:00,Hyderabad,Completed,,177,0,,Wednesday,Night
5791,City,62,15-07-2016,08:35:00,Hyderabad,Completed,,264,0,,Friday,Morning
6548,Airport,62,15-07-2016,20:56:00,Hyderabad,Completed,,102,0,,Friday,Evening
121,Airport,63,11-07-2016,05:13:00,Hyderabad,Completed,,171,0,,Monday,Morning
571,Airport,63,11-07-2016,10:44:00,Hyderabad,Completed,,163,0,,Monday,Morning
2444,Airport,63,12-07-2016,20:23:00,Hyderabad,Canceled,Technical Issue,0,35,,Tuesday,Evening
2815,City,63,13-07-2016,05:13:00,Hyderabad,Completed,,133,0,,Wednesday,Morning
3510,Airport,63,13-07-2016,17:42:00,Hyderabad,Completed,,201,0,,Wednesday,Evening
5013,City,63,14-07-2016,19:01:00,Hyderabad,Completed,,106,0,,Thursday,Evening
5457,City,63,15-07-2016,03:56:00,Hyderabad,Completed,,125,0,,Friday,Night
5940,City,63,15-07-2016,10:18:00,Hyderabad,Completed,,131,0,,Friday,Morning
6197,City,63,15-07-2016,17:24:00,Hyderabad,Completed,,59,0,,Friday,Evening
6660,Airport,63,15-07-2016,22:15:00,Hyderabad,Completed,,266,0,,Friday,Night
584,Airport,64,11-07-2016,11:14:00,Hyderabad,Completed,,110,0,,Monday,Morning
1741,Airport,64,12-07-2016,08:32:00,Hyderabad,Completed,,157,0,,Tuesday,Morning
2031,City,64,12-07-2016,14:17:00,Hyderabad,Canceled,Driver No-show,0,21,,Tuesday,Afternoon
3158,Airport,64,13-07-2016,09:07:00,Hyderabad,Canceled,Rider No-show,0,26,,Wednesday,Morning
3955,Airport,64,13-07-2016,22:56:00,Hyderabad,Completed,,234,0,,Wednesday,Night
4384,City,64,14-07-2016,07:49:00,Hyderabad,Completed,,197,0,,Thursday,Morning
5224,City,64,14-07-2016,21:07:00,Hyderabad,Completed,,113,0,,Thursday,Night
5394,Airport,64,15-07-2016,00:47:00,Hyderabad,Completed,,126,0,,Friday,Night
5511,Airport,64,15-07-2016,05:10:00,Hyderabad,Completed,,243,0,,Friday,Morning
744,City,65,11-07-2016,15:41:00,Hyderabad,Completed,,218,0,,Monday,Afternoon
1634,Airport,65,12-07-2016,07:13:00,Hyderabad,Completed,,242,0,,Tuesday,Morning
1911,Airport,65,12-07-2016,10:43:00,Hyderabad,Completed,,70,0,,Tuesday,Morning
2608,Airport,65,12-07-2016,21:59:00,Hyderabad,Completed,,118,0,,Tuesday,Night
3456,Airport,65,13-07-2016,16:59:00,Hyderabad,Completed,,221,0,,Wednesday,Afternoon
3561,City,65,13-07-2016,18:14:00,Hyderabad,Completed,,86,0,,Wednesday,Evening
5216,Airport,65,14-07-2016,20:56:00,Hyderabad,Completed,,131,0,,Thursday,Evening
5573,City,65,15-07-2016,05:48:00,Hyderabad,Completed,,59,0,,Friday,Morning
5952,Airport,65,15-07-2016,10:42:00,Hyderabad,Completed,,266,0,,Friday,Morning
6093,Airport,65,15-07-2016,14:34:00,Hyderabad,Completed,,110,0,,Friday,Afternoon
6749,Airport,65,15-07-2016,23:48:00,Hyderabad,Completed,,157,0,,Friday,Night
250,Airport,66,11-07-2016,06:29:00,Hyderabad,Canceled,Driver No-show,0,21,,Monday,Morning
781,City,66,11-07-2016,16:40:00,Hyderabad,Canceled,Rider No-show,0,26,,Monday,Afternoon
1681,Airport,66,12-07-2016,07:53:00,Hyderabad,Completed,,234,0,,Tuesday,Morning
3924,Airport,66,13-07-2016,22:21:00,Hyderabad,Completed,,197,0,,Wednesday,Night
5271,City,66,14-07-2016,21:33:00,Hyderabad,Completed,,113,0,,Thursday,Night
5899,Airport,66,15-07-2016,09:55:00,Hyderabad,Completed,,126,0,,Friday,Morning
6273,City,66,15-07-2016,18:09:00,Hyderabad,Completed,,243,0,,Friday,Evening
630,Airport,67,11-07-2016,12:16:00,Hyderabad,Completed,,218,0,,Monday,Afternoon
679,City,67,11-07-2016,13:22:00,Hyderabad,Completed,,242,0,,Monday,Afternoon
782,Airport,67,11-07-2016,16:46:00,Hyderabad,Completed,,70,0,,Monday,Afternoon
1329,Airport,67,11-07-2016,23:10:00,Hyderabad,Completed,,118,0,,Monday,Night
1712,Airport,67,12-07-2016,08:14:00,Hyderabad,Completed,,221,0,,Tuesday,Morning
2033,City,67,12-07-2016,14:17:00,Hyderabad,Completed,,86,0,,Tuesday,Afternoon
3094,Airport,67,13-07-2016,08:21:00,Hyderabad,Canceled,Rider No-show,0,33,,Wednesday,Morning
4709,Airport,67,14-07-2016,13:21:00,Hyderabad,Completed,,168,0,,Thursday,Afternoon
4948,Airport,67,14-07-2016,18:28:00,Hyderabad,Completed,,268,0,,Thursday,Evening
5597,City,67,15-07-2016,06:04:00,Hyderabad,Completed,,129,0,,Friday,Morning
6747,City,67,15-07-2016,23:47:00,Hyderabad,Completed,,93,0,,Friday,Night
1480,Airport,68,12-07-2016,05:15:00,Hyderabad,Completed,,180,0,,Tuesday,Morning
2013,City,68,12-07-2016,13:35:00,Hyderabad,Completed,,191,0,,Tuesday,Afternoon
2867,Airport,68,13-07-2016,05:45:00,Hyderabad,Completed,,266,0,,Wednesday,Morning
3377,Airport,68,13-07-2016,14:17:00,Hyderabad,Completed,,282,0,,Wednesday,Afternoon
4108,City,68,14-07-2016,03:56:00,Hyderabad,Completed,,79,0,,Thursday,Night
4368,City,68,14-07-2016,07:38:00,Hyderabad,Canceled,Rider No-show,0,27,,Thursday,Morning
4787,City,68,14-07-2016,16:41:00,Hyderabad,Canceled,Driver No-show,0,46,,Thursday,Afternoon
93,City,69,11-07-2016,04:53:00,Hyderabad,Completed,,111,0,,Monday,Night
402,Airport,69,11-07-2016,08:31:00,Hyderabad,Completed,,234,0,,Monday,Morning
582,City,69,11-07-2016,10:56:00,Hyderabad,Completed,,223,0,,Monday,Morning
733,City,69,11-07-2016,15:25:00,Hyderabad,Completed,,296,0,,Monday,Afternoon
951,Airport,69,11-07-2016,18:38:00,Hyderabad,Completed,,178,0,,Monday,Evening
1889,City,69,12-07-2016,10:14:00,Hyderabad,Completed,,58,0,,Tuesday,Morning
2046,Airport,69,12-07-2016,14:40:00,Hyderabad,Completed,,83,0,,Tuesday,Afternoon
2664,Airport,69,12-07-2016,23:26:00,Hyderabad,Completed,,151,0,,Tuesday,Night
2936,City,69,13-07-2016,06:28:00,Hyderabad,Completed,,63,0,,Wednesday,Morning
3740,Airport,69,13-07-2016,20:22:00,Hyderabad,Completed,,153,0,,Wednesday,Evening
4482,Airport,69,14-07-2016,08:53:00,Hyderabad,Completed,,163,0,,Thursday,Morning
4718,City,69,14-07-2016,13:41:00,Hyderabad,Completed,,195,0,,Thursday,Afternoon
4908,Airport,69,14-07-2016,18:05:00,Hyderabad,Completed,,249,0,,Thursday,Evening
6278,Airport,69,15-07-2016,18:13:00,Hyderabad,Completed,,125,0,,Friday,Evening
514,City,70,11-07-2016,09:45:00,Hyderabad,Completed,,159,0,,Monday,Morning
703,City,70,11-07-2016,14:11:00,Hyderabad,Completed,,231,0,,Monday,Afternoon
947,City,70,11-07-2016,18:37:00,Hyderabad,Completed,,248,0,,Monday,Evening
2252,City,70,12-07-2016,18:26:00,Hyderabad,Completed,,184,0,,Tuesday,Evening
2896,City,70,13-07-2016,05:59:00,Hyderabad,Completed,,118,0,,Wednesday,Morning
3583,Airport,70,13-07-2016,18:31:00,Hyderabad,Completed,,149,0,,Wednesday,Evening
4263,Airport,70,14-07-2016,06:10:00,Hyderabad,Completed,,137,0,,Thursday,Morning
4398,City,70,14-07-2016,08:03:00,Hyderabad,Completed,,176,0,,Thursday,Morning
5029,City,70,14-07-2016,19:16:00,Hyderabad,Canceled,Driver No-show,0,49,,Thursday,Evening
5554,Airport,70,15-07-2016,05:37:00,Hyderabad,Completed,,170,0,,Friday,Morning
5746,City,70,15-07-2016,07:52:00,Hyderabad,Completed,,109,0,,Friday,Morning
5986,Airport,70,15-07-2016,11:35:00,Hyderabad,Completed,,54,0,,Friday,Morning
6140,Airport,70,15-07-2016,15:54:00,Hyderabad,Completed,,192,0,,Friday,Afternoon
6554,City,70,15-07-2016,20:58:00,Hyderabad,Completed,,276,0,,Friday,Evening
467,City,71,11-07-2016,09:20:00,Hyderabad,Completed,,222,0,,Monday,Morning
615,City,71,11-07-2016,11:54:00,Hyderabad,Completed,,87,0,,Monday,Morning
801,Airport,71,11-07-2016,17:11:00,Hyderabad,Completed,,153,0,,Monday,Evening
1587,Airport,71,12-07-2016,06:31:00,Hyderabad,Completed,,184,0,,Tuesday,Morning
1925,City,71,12-07-2016,11:06:00,Hyderabad,Completed,,255,0,,Tuesday,Morning
2527,City,71,12-07-2016,21:11:00,Hyderabad,Canceled,Driver No-show,0,31,,Tuesday,Night
3065,Airport,71,13-07-2016,07:55:00,Hyderabad,Completed,,222,0,,Wednesday,Morning
5031,Airport,71,14-07-2016,19:12:00,Hyderabad,Completed,,188,0,,Thursday,Evening
160,Airport,72,11-07-2016,05:38:00,Hyderabad,Completed,,113,0,,Monday,Morning
2029,City,72,12-07-2016,14:16:00,Hyderabad,Canceled,Driver No-show,0,32,,Tuesday,Afternoon
2543,City,72,12-07-2016,21:16:00,Hyderabad,Completed,,170,0,,Tuesday,Night
2941,Airport,72,13-07-2016,06:28:00,Hyderabad,Completed,,147,0,,Wednesday,Morning
4766,City,72,14-07-2016,15:40:00,Hyderabad,Completed,,187,0,,Thursday,Afternoon
5349,Airport,72,14-07-2016,22:55:00,Hyderabad,Completed,,218,0,,Thursday,Night
5409,Airport,72,15-07-2016,01:36:00,Hyderabad,Completed,,125,0,,Friday,Night
6698,Airport,72,15-07-2016,22:47:00,Hyderabad,Completed,,255,0,,Friday,Night
81,Airport,73,11-07-2016,04:47:00,Hyderabad,Canceled,Driver No-show,0,43,,Monday,Night
370,City,73,11-07-2016,08:06:00,Hyderabad,Completed,,86,0,,Monday,Morning
799,Airport,73,11-07-2016,17:07:00,Hyderabad,Completed,,110,0,,Monday,Evening
1300,City,73,11-07-2016,22:31:00,Hyderabad,Completed,,95,0,,Monday,Night
1805,Airport,73,12-07-2016,09:11:00,Hyderabad,Completed,,92,0,,Tuesday,Morning
2410,City,73,12-07-2016,20:05:00,Hyderabad,Completed,,188,0,,Tuesday,Evening
2723,Airport,73,13-07-2016,02:18:00,Hyderabad,Completed,,176,0,,Wednesday,Night
3240,City,73,13-07-2016,10:06:00,Hyderabad,Completed,,65,0,,Wednesday,Morning
3424,City,73,13-07-2016,15:48:00,Hyderabad,Completed,,298,0,,Wednesday,Afternoon
4188,City,73,14-07-2016,05:29:00,Hyderabad,Completed,,169,0,,Thursday,Morning
5617,City,73,15-07-2016,06:25:00,Hyderabad,Completed,,186,0,,Friday,Morning
5932,Airport,73,15-07-2016,10:09:00,Hyderabad,Completed,,211,0,,Friday,Morning
6699,City,73,15-07-2016,22:47:00,Hyderabad,Completed,,218,0,,Friday,Night
285,City,74,11-07-2016,07:02:00,Hyderabad,Canceled,Rider No-show,0,40,,Monday,Morning
754,City,74,11-07-2016,16:06:00,Hyderabad,Completed,,267,0,,Monday,Afternoon
1449,Airport,74,12-07-2016,04:53:00,Hyderabad,Completed,,260,0,,Tuesday,Night
2764,Airport,74,13-07-2016,03:58:00,Hyderabad,Completed,,123,0,,Wednesday,Night
2859,City,74,13-07-2016,05:39:00,Hyderabad,Completed,,91,0,,Wednesday,Morning
3036,Airport,74,13-07-2016,07:36:00,Hyderabad,Completed,,65,0,,Wednesday,Morning
3934,Airport,74,13-07-2016,22:20:00,Hyderabad,Completed,,125,0,,Wednesday,Night
4486,City,74,14-07-2016,09:00:00,Hyderabad,Completed,,223,0,,Thursday,Morning
4996,City,74,14-07-2016,18:52:00,Hyderabad,Completed,,107,0,,Thursday,Evening
5133,Airport,74,14-07-2016,20:11:00,Hyderabad,Completed,,61,0,,Thursday,Evening
5887,City,74,15-07-2016,09:39:00,Hyderabad,Completed,,124,0,,Friday,Morning
6402,Airport,74,15-07-2016,19:29:00,Hyderabad,Completed,,240,0,,Friday,Evening
462,City,75,11-07-2016,09:14:00,Hyderabad,Completed,,72,0,,Monday,Morning
817,City,75,11-07-2016,17:32:00,Hyderabad,Completed,,117,0,,Monday,Evening
1790,Airport,75,12-07-2016,09:06:00,Hyderabad,Completed,,208,0,,Tuesday,Morning
2014,City,75,12-07-2016,13:36:00,Hyderabad,Completed,,96,0,,Tuesday,Afternoon
2165,City,75,12-07-2016,17:31:00,Hyderabad,Completed,,174,0,,Tuesday,Evening
2627,City,75,12-07-2016,22:08:00,Hyderabad,Completed,,244,0,,Tuesday,Night
2968,City,75,13-07-2016,06:54:00,Hyderabad,Canceled,Technical Issue,0,47,,Wednesday,Morning
3282,Airport,75,13-07-2016,10:47:00,Hyderabad,Completed,,150,0,,Wednesday,Morning
3544,City,75,13-07-2016,17:54:00,Hyderabad,Completed,,91,0,,Wednesday,Evening
5552,Airport,75,15-07-2016,05:33:00,Hyderabad,Completed,,216,0,,Friday,Morning
6657,Airport,75,15-07-2016,22:11:00,Hyderabad,Completed,,131,0,,Friday,Night
88,Airport,76,11-07-2016,04:54:00,Hyderabad,Completed,,112,0,,Monday,Night
201,City,76,11-07-2016,06:09:00,Hyderabad,Completed,,59,0,,Monday,Morning
847,Airport,76,11-07-2016,17:49:00,Hyderabad,Canceled,Driver No-show,0,39,,Monday,Evening
1585,Airport,76,12-07-2016,06:30:00,Hyderabad,Completed,,174,0,,Tuesday,Morning
2116,City,76,12-07-2016,16:33:00,Hyderabad,Completed,,239,0,,Tuesday,Afternoon
2800,Airport,76,13-07-2016,04:58:00,Hyderabad,Completed,,87,0,,Wednesday,Night
3066,City,76,13-07-2016,07:57:00,Hyderabad,Completed,,62,0,,Wednesday,Morning
3640,City,76,13-07-2016,19:05:00,Hyderabad,Completed,,142,0,,Wednesday,Evening
4162,City,76,14-07-2016,05:06:00,Hyderabad,Completed,,262,0,,Thursday,Morning
4892,Airport,76,14-07-2016,17:59:00,Hyderabad,Completed,,178,0,,Thursday,Evening
5038,City,76,14-07-2016,19:20:00,Hyderabad,Canceled,Driver No-show,0,20,,Thursday,Evening
6417,City,76,15-07-2016,19:44:00,Hyderabad,Canceled,Rider No-show,0,40,,Friday,Evening
376,City,77,11-07-2016,08:11:00,Hyderabad,Completed,,98,0,,Monday,Morning
899,City,77,11-07-2016,18:09:00,Hyderabad,Canceled,Technical Issue,0,39,,Monday,Evening
1112,Airport,77,11-07-2016,20:15:00,Hyderabad,Completed,,267,0,,Monday,Evening
1444,City,77,12-07-2016,04:43:00,Hyderabad,Completed,,93,0,,Tuesday,Night
1993,City,77,12-07-2016,12:50:00,Hyderabad,Completed,,159,0,,Tuesday,Afternoon
2417,City,77,12-07-2016,19:59:00,Hyderabad,Completed,,108,0,,Tuesday,Evening
3318,City,77,13-07-2016,12:25:00,Hyderabad,Completed,,236,0,,Wednesday,Afternoon
3529,Airport,77,13-07-2016,17:53:00,Hyderabad,Completed,,169,0,,Wednesday,Evening
4322,Airport,77,14-07-2016,07:04:00,Hyderabad,Completed,,276,0,,Thursday,Morning
5861,Airport,77,15-07-2016,09:11:00,Hyderabad,Completed,,185,0,,Friday,Morning
6519,City,77,15-07-2016,20:44:00,Hyderabad,Completed,,188,0,,Friday,Evening
34,City,78,11-07-2016,02:20:00,Hyderabad,Completed,,259,0,,Monday,Night
637,Airport,78,11-07-2016,12:24:00,Hyderabad,Completed,,182,0,,Monday,Afternoon
1005,City,78,11-07-2016,19:07:00,Hyderabad,Completed,,160,0,,Monday,Evening
1293,City,78,11-07-2016,22:28:00,Hyderabad,Completed,,103,0,,Monday,Night
1664,Airport,78,12-07-2016,07:35:00,Hyderabad,Completed,,110,0,,Tuesday,Morning
1915,City,78,12-07-2016,10:45:00,Hyderabad,Completed,,99,0,,Tuesday,Morning
3262,Airport,78,13-07-2016,10:21:00,Hyderabad,Completed,,175,0,,Wednesday,Morning
3546,City,78,13-07-2016,18:02:00,Hyderabad,Completed,,178,0,,Wednesday,Evening
3977,Airport,78,13-07-2016,23:13:00,Hyderabad,Completed,,223,0,,Wednesday,Night
4300,City,78,14-07-2016,06:46:00,Hyderabad,Completed,,142,0,,Thursday,Morning
4680,City,78,14-07-2016,12:48:00,Hyderabad,Completed,,197,0,,Thursday,Afternoon
4812,City,78,14-07-2016,17:17:00,Hyderabad,Completed,,88,0,,Thursday,Evening
5972,Airport,78,15-07-2016,11:06:00,Hyderabad,Completed,,123,0,,Friday,Morning
645,City,79,11-07-2016,12:39:00,Hyderabad,Completed,,192,0,,Monday,Afternoon
732,Airport,79,11-07-2016,15:18:00,Hyderabad,Completed,,201,0,,Monday,Afternoon
1215,Airport,79,11-07-2016,21:33:00,Hyderabad,Completed,,210,0,,Monday,Night
1450,Airport,79,12-07-2016,04:46:00,Hyderabad,Canceled,Technical Issue,0,44,,Tuesday,Night
2044,Airport,79,12-07-2016,14:39:00,Hyderabad,Completed,,72,0,,Tuesday,Afternoon
2420,Airport,79,12-07-2016,20:07:00,Hyderabad,Completed,,149,0,,Tuesday,Evening
3944,City,79,13-07-2016,22:33:00,Hyderabad,Completed,,59,0,,Wednesday,Night
4369,City,79,14-07-2016,07:37:00,Hyderabad,Completed,,145,0,,Thursday,Morning
5070,Airport,79,14-07-2016,19:33:00,Hyderabad,Completed,,129,0,,Thursday,Evening
5822,Airport,79,15-07-2016,08:53:00,Hyderabad,Completed,,132,0,,Friday,Morning
6723,City,79,15-07-2016,23:19:00,Hyderabad,Completed,,96,0,,Friday,Night
3,Airport,80,11-07-2016,00:24:00,Hyderabad,Completed,,146,0,,Monday,Night
70,City,80,11-07-2016,04:34:00,Hyderabad,Completed,,127,0,,Monday,Night
256,Airport,80,11-07-2016,06:44:00,Hyderabad,Completed,,154,0,,Monday,Morning
702,Airport,80,11-07-2016,14:07:00,Hyderabad,Completed,,182,0,,Monday,Afternoon
769,Airport,80,11-07-2016,16:21:00,Hyderabad,Completed,,260,0,,Monday,Afternoon
1277,City,80,11-07-2016,22:04:00,Hyderabad,Completed,,73,0,,Monday,Night
2062,Airport,80,12-07-2016,15:00:00,Hyderabad,Completed,,181,0,,Tuesday,Afternoon
2399,Airport,80,12-07-2016,19:51:00,Hyderabad,Completed,,157,0,,Tuesday,Evening
2645,Airport,80,12-07-2016,22:46:00,Hyderabad,Completed,,142,0,,Tuesday,Night
3468,City,80,13-07-2016,17:08:00,Hyderabad,Completed,,208,0,,Wednesday,Evening
3826,Airport,80,13-07-2016,21:16:00,Hyderabad,Completed,,247,0,,Wednesday,Night
5384,Airport,80,14-07-2016,00:03:00,Hyderabad,Completed,,137,0,,Thursday,Night
6460,City,80,15-07-2016,20:09:00,Hyderabad,Completed,,216,0,,Friday,Evening
269,City,81,11-07-2016,06:44:00,Hyderabad,Canceled,Rider No-show,0,38,,Monday,Morning
336,Airport,81,11-07-2016,07:50:00,Hyderabad,Completed,,196,0,,Monday,Morning
1241,Airport,81,11-07-2016,21:38:00,Hyderabad,Completed,,233,0,,Monday,Night
1651,Airport,81,12-07-2016,07:21:00,Hyderabad,Completed,,83,0,,Tuesday,Morning
1963,City,81,12-07-2016,11:58:00,Hyderabad,Canceled,Rider No-show,0,49,,Tuesday,Morning
2368,City,81,12-07-2016,19:32:00,Hyderabad,Completed,,188,0,,Tuesday,Evening
3004,Airport,81,13-07-2016,07:17:00,Hyderabad,Completed,,249,0,,Wednesday,Morning
3310,City,81,13-07-2016,11:55:00,Hyderabad,Completed,,174,0,,Wednesday,Morning
3391,City,81,13-07-2016,14:34:00,Hyderabad,Completed,,246,0,,Wednesday,Afternoon
4194,Airport,81,14-07-2016,05:27:00,Hyderabad,Completed,,113,0,,Thursday,Morning
5728,City,81,15-07-2016,07:42:00,Hyderabad,Canceled,Technical Issue,0,45,,Friday,Morning
6091,City,81,15-07-2016,14:37:00,Hyderabad,Completed,,102,0,,Friday,Afternoon
6748,Airport,81,15-07-2016,23:45:00,Hyderabad,Completed,,190,0,,Friday,Night
286,City,82,11-07-2016,06:58:00,Hyderabad,Completed,,300,0,,Monday,Morning
547,Airport,82,11-07-2016,10:01:00,Hyderabad,Canceled,Driver No-show,0,21,,Monday,Morning
574,City,82,11-07-2016,10:58:00,Hyderabad,Completed,,214,0,,Monday,Morning
936,Airport,82,11-07-2016,18:28:00,Hyderabad,Completed,,232,0,,Monday,Evening
1514,Airport,82,12-07-2016,05:41:00,Hyderabad,Completed,,201,0,,Tuesday,Morning
1656,City,82,12-07-2016,07:26:00,Hyderabad,Completed,,93,0,,Tuesday,Morning
2405,Airport,82,12-07-2016,20:01:00,Hyderabad,Completed,,97,0,,Tuesday,Evening
3372,Airport,82,13-07-2016,14:03:00,Hyderabad,Completed,,290,0,,Wednesday,Afternoon
4215,Airport,82,14-07-2016,05:40:00,Hyderabad,Completed,,91,0,,Thursday,Morning
6486,City,82,15-07-2016,20:26:00,Hyderabad,Completed,,54,0,,Friday,Evening
520,City,83,11-07-2016,09:47:00,Hyderabad,Completed,,90,0,,Monday,Morning
1285,City,83,11-07-2016,22:13:00,Hyderabad,Completed,,84,0,,Monday,Night
3394,City,83,13-07-2016,14:51:00,Hyderabad,Completed,,222,0,,Wednesday,Afternoon
3520,City,83,13-07-2016,17:43:00,Hyderabad,Completed,,243,0,,Wednesday,Evening
4998,City,83,14-07-2016,18:52:00,Hyderabad,Completed,,259,0,,Thursday,Evening
5377,City,83,14-07-2016,23:42:00,Hyderabad,Completed,,121,0,,Thursday,Night
5759,City,83,15-07-2016,08:16:00,Hyderabad,Completed,,290,0,,Friday,Morning
422,City,84,11-07-2016,08:42:00,Hyderabad,Completed,,233,0,,Monday,Morning
578,Airport,84,11-07-2016,11:03:00,Hyderabad,Completed,,155,0,,Monday,Morning
3035,City,84,13-07-2016,07:31:00,Hyderabad,Completed,,295,0,,Wednesday,Morning
3728,Airport,84,13-07-2016,20:03:00,Hyderabad,Completed,,174,0,,Wednesday,Evening
4097,City,84,14-07-2016,03:15:00,Hyderabad,Completed,,285,0,,Thursday,Night
5184,City,84,14-07-2016,20:42:00,Hyderabad,Canceled,Technical Issue,0,47,,Thursday,Evening
5404,City,84,15-07-2016,01:12:00,Hyderabad,Completed,,208,0,,Friday,Night
5525,Airport,84,15-07-2016,05:18:00,Hyderabad,Completed,,226,0,,Friday,Morning
6392,Airport,84,15-07-2016,19:24:00,Hyderabad,Completed,,119,0,,Friday,Evening
603,Airport,85,11-07-2016,11:43:00,Hyderabad,Completed,,263,0,,Monday,Morning
1956,City,85,12-07-2016,11:45:00,Hyderabad,Completed,,265,0,,Tuesday,Morning
2914,Airport,85,13-07-2016,06:16:00,Hyderabad,Completed,,159,0,,Wednesday,Morning
3434,Airport,85,13-07-2016,16:07:00,Hyderabad,Completed,,175,0,,Wednesday,Afternoon
3454,City,85,13-07-2016,16:57:00,Hyderabad,Completed,,96,0,,Wednesday,Afternoon
3809,City,85,13-07-2016,20:58:00,Hyderabad,Completed,,267,0,,Wednesday,Evening
3947,Airport,85,13-07-2016,22:39:00,Hyderabad,Completed,,274,0,,Wednesday,Night
4319,Airport,85,14-07-2016,06:54:00,Hyderabad,Canceled,Rider No-show,0,33,,Thursday,Morning
4716,City,85,14-07-2016,13:36:00,Hyderabad,Canceled,Technical Issue,0,43,,Thursday,Afternoon
5790,Airport,85,15-07-2016,08:31:00,Hyderabad,Completed,,219,0,,Friday,Morning
6205,Airport,85,15-07-2016,17:26:00,Hyderabad,Completed,,61,0,,Friday,Evening
6727,Airport,85,15-07-2016,23:25:00,Hyderabad,Canceled,Rider No-show,0,34,,Friday,Night
51,City,86,11-07-2016,03:34:00,Hyderabad,Completed,,54,0,,Monday,Night
446,City,86,11-07-2016,09:07:00,Hyderabad,Completed,,182,0,,Monday,Morning
1252,City,86,11-07-2016,21:51:00,Hyderabad,Completed,,104,0,,Monday,Night
1380,Airport,86,12-07-2016,01:01:00,Hyderabad,Completed,,211,0,,Tuesday,Night
1638,City,86,12-07-2016,07:15:00,Hyderabad,Completed,,268,0,,Tuesday,Morning
2152,Airport,86,12-07-2016,17:25:00,Hyderabad,Completed,,294,0,,Tuesday,Evening
3125,City,86,13-07-2016,08:45:00,Hyderabad,Completed,,131,0,,Wednesday,Morning
3366,City,86,13-07-2016,13:45:00,Hyderabad,Completed,,50,0,,Wednesday,Afternoon
4632,Airport,86,14-07-2016,11:21:00,Hyderabad,Completed,,177,0,,Thursday,Morning
5924,City,86,15-07-2016,10:09:00,Hyderabad,Completed,,108,0,,Friday,Morning
6133,Airport,86,15-07-2016,15:43:00,Hyderabad,Canceled,Technical Issue,0,44,,Friday,Afternoon
6316,Airport,86,15-07-2016,18:35:00,Hyderabad,Completed,,210,0,,Friday,Evening
6609,City,86,15-07-2016,21:44:00,Hyderabad,Completed,,52,0,,Friday,Night
246,Airport,87,11-07-2016,06:35:00,Hyderabad,Completed,,168,0,,Monday,Morning
980,Airport,87,11-07-2016,19:00:00,Hyderabad,Completed,,176,0,,Monday,Evening
1677,City,87,12-07-2016,07:38:00,Hyderabad,Completed,,163,0,,Tuesday,Morning
4620,City,87,14-07-2016,10:59:00,Hyderabad,Canceled,Technical Issue,0,42,,Thursday,Morning
4848,Airport,87,14-07-2016,17:33:00,Hyderabad,Completed,,153,0,,Thursday,Evening
5402,Airport,87,15-07-2016,01:06:00,Hyderabad,Completed,,213,0,,Friday,Night
5971,Airport,87,15-07-2016,11:04:00,Hyderabad,Completed,,107,0,,Friday,Morning
6113,City,87,15-07-2016,15:15:00,Hyderabad,Completed,,205,0,,Friday,Afternoon
6508,City,87,15-07-2016,20:40:00,Hyderabad,Completed,,296,0,,Friday,Evening
746,Airport,88,11-07-2016,15:47:00,Hyderabad,Completed,,212,0,,Monday,Afternoon
1488,Airport,88,12-07-2016,05:31:00,Hyderabad,Completed,,204,0,,Tuesday,Morning
1838,City,88,12-07-2016,09:40:00,Hyderabad,Completed,,122,0,,Tuesday,Morning
2839,Airport,88,13-07-2016,05:20:00,Hyderabad,Completed,,113,0,,Wednesday,Morning
4391,City,88,14-07-2016,07:52:00,Hyderabad,Completed,,133,0,,Thursday,Morning
4701,City,88,14-07-2016,13:09:00,Hyderabad,Completed,,139,0,,Thursday,Afternoon
5171,Airport,88,14-07-2016,20:29:00,Hyderabad,Completed,,75,0,,Thursday,Evening
5962,City,88,15-07-2016,10:48:00,Hyderabad,Completed,,259,0,,Friday,Morning
6118,City,88,15-07-2016,15:17:00,Hyderabad,Completed,,230,0,,Friday,Afternoon
6450,City,88,15-07-2016,20:01:00,Hyderabad,Canceled,Rider No-show,0,32,,Friday,Evening
257,Airport,89,11-07-2016,06:38:00,Hyderabad,Completed,,59,0,,Monday,Morning
708,Airport,89,11-07-2016,14:16:00,Hyderabad,Completed,,233,0,,Monday,Afternoon
891,Airport,89,11-07-2016,18:10:00,Hyderabad,Completed,,118,0,,Monday,Evening
1748,City,89,12-07-2016,08:33:00,Hyderabad,Completed,,294,0,,Tuesday,Morning
2625,City,89,12-07-2016,22:09:00,Hyderabad,Completed,,155,0,,Tuesday,Night
3989,City,89,13-07-2016,23:21:00,Hyderabad,Completed,,290,0,,Wednesday,Night
5285,Airport,89,14-07-2016,21:42:00,Hyderabad,Completed,,192,0,,Thursday,Night
6461,City,89,15-07-2016,20:12:00,Hyderabad,Completed,,133,0,,Friday,Evening
1563,Airport,90,12-07-2016,06:16:00,Hyderabad,Completed,,118,0,,Tuesday,Morning
2207,Airport,90,12-07-2016,17:56:00,Hyderabad,Completed,,82,0,,Tuesday,Evening
2879,City,90,13-07-2016,05:59:00,Hyderabad,Completed,,271,0,,Wednesday,Morning
3644,Airport,90,13-07-2016,19:08:00,Hyderabad,Completed,,68,0,,Wednesday,Evening
3996,Airport,90,13-07-2016,23:36:00,Hyderabad,Completed,,214,0,,Wednesday,Night
4355,City,90,14-07-2016,07:19:00,Hyderabad,Completed,,122,0,,Thursday,Morning
4758,City,90,14-07-2016,15:26:00,Hyderabad,Completed,,259,0,,Thursday,Afternoon
6001,Airport,90,15-07-2016,12:07:00,Hyderabad,Completed,,66,0,,Friday,Afternoon
1181,Airport,91,11-07-2016,21:04:00,Hyderabad,Completed,,52,0,,Monday,Night
1297,City,91,11-07-2016,22:22:00,Hyderabad,Completed,,152,0,,Monday,Night
1429,City,91,12-07-2016,04:41:00,Hyderabad,Completed,,249,0,,Tuesday,Night
2104,City,91,12-07-2016,16:07:00,Hyderabad,Completed,,266,0,,Tuesday,Afternoon
2736,City,91,13-07-2016,02:43:00,Hyderabad,Completed,,128,0,,Wednesday,Night
3615,City,91,13-07-2016,18:56:00,Hyderabad,Completed,,130,0,,Wednesday,Evening
4719,Airport,91,14-07-2016,13:43:00,Hyderabad,Completed,,50,0,,Thursday,Afternoon
4748,City,91,14-07-2016,15:03:00,Hyderabad,Completed,,215,0,,Thursday,Afternoon
870,City,92,11-07-2016,17:57:00,Hyderabad,Completed,,254,0,,Monday,Evening
2124,Airport,92,12-07-2016,16:53:00,Hyderabad,Completed,,197,0,,Tuesday,Afternoon
2457,Airport,92,12-07-2016,20:31:00,Hyderabad,Completed,,167,0,,Tuesday,Evening
2621,City,92,12-07-2016,22:05:00,Hyderabad,Completed,,263,0,,Tuesday,Night
3168,City,92,13-07-2016,09:12:00,Hyderabad,Completed,,299,0,,Wednesday,Morning
3285,Airport,92,13-07-2016,10:59:00,Hyderabad,Completed,,106,0,,Wednesday,Morning
3315,City,92,13-07-2016,12:09:00,Hyderabad,Completed,,90,0,,Wednesday,Afternoon
5585,City,92,15-07-2016,05:58:00,Hyderabad,Completed,,137,0,,Friday,Morning
6235,City,92,15-07-2016,17:47:00,Hyderabad,Completed,,125,0,,Friday,Evening
913,Airport,93,11-07-2016,18:18:00,Hyderabad,Completed,,56,0,,Monday,Evening
1852,City,93,12-07-2016,09:43:00,Hyderabad,Completed,,265,0,,Tuesday,Morning
3117,Airport,93,13-07-2016,08:34:00,Hyderabad,Completed,,138,0,,Wednesday,Morning
3392,Airport,93,13-07-2016,14:46:00,Hyderabad,Completed,,110,0,,Wednesday,Afternoon
4722,City,93,14-07-2016,13:50:00,Hyderabad,Completed,,50,0,,Thursday,Afternoon
692,Airport,94,11-07-2016,13:49:00,Hyderabad,Completed,,138,0,,Monday,Afternoon
1351,Airport,94,11-07-2016,23:44:00,Hyderabad,Completed,,67,0,,Monday,Night
1800,City,94,12-07-2016,09:09:00,Hyderabad,Completed,,269,0,,Tuesday,Morning
2434,City,94,12-07-2016,20:16:00,Hyderabad,Canceled,Technical Issue,0,43,,Tuesday,Evening
3212,City,94,13-07-2016,09:48:00,Hyderabad,Completed,,210,0,,Wednesday,Morning
3340,City,94,13-07-2016,12:45:00,Hyderabad,Completed,,132,0,,Wednesday,Afternoon
3598,Airport,94,13-07-2016,18:38:00,Hyderabad,Completed,,161,0,,Wednesday,Evening
53,Airport,95,11-07-2016,03:30:00,Hyderabad,Completed,,207,0,,Monday,Night
3558,Airport,95,13-07-2016,18:14:00,Hyderabad,Completed,,56,0,,Wednesday,Evening
4257,City,95,14-07-2016,06:10:00,Hyderabad,Completed,,241,0,,Thursday,Morning
4869,City,95,14-07-2016,17:49:00,Hyderabad,Completed,,178,0,,Thursday,Evening
5548,City,95,15-07-2016,05:24:00,Hyderabad,Completed,,191,0,,Friday,Morning
5630,Airport,95,15-07-2016,06:32:00,Hyderabad,Completed,,274,0,,Friday,Morning
6645,City,95,15-07-2016,22:10:00,Hyderabad,Completed,,50,0,,Friday,Night
156,Airport,96,11-07-2016,05:35:00,Hyderabad,Completed,,275,0,,Monday,Morning
350,City,96,11-07-2016,07:53:00,Hyderabad,Completed,,180,0,,Monday,Morning
976,Airport,96,11-07-2016,18:54:00,Hyderabad,Completed,,165,0,,Monday,Evening
1344,City,96,11-07-2016,23:35:00,Hyderabad,Completed,,215,0,,Monday,Night
1524,City,96,12-07-2016,05:50:00,Hyderabad,Completed,,114,0,,Tuesday,Morning
2143,Airport,96,12-07-2016,17:15:00,Hyderabad,Completed,,154,0,,Tuesday,Evening
2353,City,96,12-07-2016,19:31:00,Hyderabad,Completed,,183,0,,Tuesday,Evening
3028,Airport,96,13-07-2016,07:28:00,Hyderabad,Completed,,147,0,,Wednesday,Morning
3913,Airport,96,13-07-2016,22:14:00,Hyderabad,Completed,,205,0,,Wednesday,Night
4274,City,96,14-07-2016,06:18:00,Hyderabad,Completed,,60,0,,Thursday,Morning
4673,City,96,14-07-2016,12:35:00,Hyderabad,Completed,,223,0,,Thursday,Afternoon
6198,Airport,96,15-07-2016,17:23:00,Hyderabad,Completed,,53,0,,Friday,Evening
569,Airport,97,11-07-2016,10:37:00,Hyderabad,Completed,,86,0,,Monday,Morning
1626,Airport,97,12-07-2016,06:58:00,Hyderabad,Completed,,86,0,,Tuesday,Morning
3505,City,97,13-07-2016,17:37:00,Hyderabad,Completed,,150,0,,Wednesday,Evening
3758,City,97,13-07-2016,20:37:00,Hyderabad,Completed,,57,0,,Wednesday,Evening
4649,City,97,14-07-2016,11:50:00,Hyderabad,Completed,,97,0,,Thursday,Morning
4745,Airport,97,14-07-2016,15:06:00,Hyderabad,Completed,,259,0,,Thursday,Afternoon
5354,Airport,97,14-07-2016,23:07:00,Hyderabad,Completed,,182,0,,Thursday,Night
5953,City,97,15-07-2016,10:42:00,Hyderabad,Completed,,218,0,,Friday,Morning
6577,City,97,15-07-2016,21:19:00,Hyderabad,Completed,,90,0,,Friday,Night
1565,Airport,98,12-07-2016,06:21:00,Hyderabad,Completed,,239,0,,Tuesday,Morning
1973,Airport,98,12-07-2016,12:17:00,Hyderabad,Completed,,277,0,,Tuesday,Afternoon
2363,Airport,98,12-07-2016,19:31:00,Hyderabad,Completed,,222,0,,Tuesday,Evening
2994,City,98,13-07-2016,07:15:00,Hyderabad,Completed,,211,0,,Wednesday,Morning
3201,Airport,98,13-07-2016,09:33:00,Hyderabad,Completed,,62,0,,Wednesday,Morning
3511,City,98,13-07-2016,17:38:00,Hyderabad,Completed,,125,0,,Wednesday,Evening
3956,Airport,98,13-07-2016,22:47:00,Hyderabad,Completed,,237,0,,Wednesday,Night
4359,City,98,14-07-2016,07:27:00,Hyderabad,Completed,,81,0,,Thursday,Morning
4798,City,98,14-07-2016,16:52:00,Hyderabad,Canceled,Driver No-show,0,34,,Thursday,Afternoon
5955,Airport,98,15-07-2016,10:45:00,Hyderabad,Completed,,189,0,,Friday,Morning
6117,Airport,98,15-07-2016,15:17:00,Hyderabad,Completed,,67,0,,Friday,Afternoon
6252,City,98,15-07-2016,18:00:00,Hyderabad,Completed,,147,0,,Friday,Evening
101,Airport,99,11-07-2016,05:08:00,Hyderabad,Completed,,176,0,,Monday,Morning
351,City,99,11-07-2016,07:53:00,Hyderabad,Completed,,53,0,,Monday,Morning
871,City,99,11-07-2016,17:57:00,Hyderabad,Canceled,Driver No-show,0,27,,Monday,Evening
1330,Airport,99,11-07-2016,23:11:00,Hyderabad,Completed,,265,0,,Monday,Night
3227,Airport,99,13-07-2016,09:52:00,Hyderabad,Completed,,156,0,,Wednesday,Morning
4921,City,99,14-07-2016,18:14:00,Hyderabad,Completed,,280,0,,Thursday,Evening
5373,City,99,14-07-2016,23:42:00,Hyderabad,Completed,,148,0,,Thursday,Night
6612,Airport,99,15-07-2016,21:49:00,Hyderabad,Completed,,192,0,,Friday,Night
50,City,100,11-07-2016,03:22:00,Hyderabad,Completed,,172,0,,Monday,Night
102,Airport,100,11-07-2016,05:01:00,Hyderabad,Completed,,188,0,,Monday,Morning
211,City,100,11-07-2016,06:08:00,Hyderabad,Completed,,118,0,,Monday,Morning
510,City,100,11-07-2016,09:40:00,Hyderabad,Canceled,Technical Issue,0,32,,Monday,Morning
1548,Airport,100,12-07-2016,06:10:00,Hyderabad,Completed,,118,0,,Tuesday,Morning
2208,City,100,12-07-2016,17:59:00,Hyderabad,Completed,,135,0,,Tuesday,Evening
4030,City,100,14-07-2016,00:13:00,Hyderabad,Canceled,Driver No-show,0,25,,Thursday,Night
4370,City,100,14-07-2016,07:36:00,Hyderabad,Completed,,184,0,,Thursday,Morning
5834,Airport,100,15-07-2016,08:54:00,Hyderabad,Completed,,70,0,,Friday,Morning
639,City,101,11-07-2016,12:28:00,Hyderabad,Completed,,161,0,,Monday,Afternoon
1451,Airport,101,12-07-2016,04:53:00,Hyderabad,Canceled,Rider No-show,0,31,,Tuesday,Night
2335,City,101,12-07-2016,19:15:00,Hyderabad,Completed,,125,0,,Tuesday,Evening
2572,Airport,101,12-07-2016,21:35:00,Hyderabad,Completed,,58,0,,Tuesday,Night
3326,Airport,101,13-07-2016,12:29:00,Hyderabad,Completed,,63,0,,Wednesday,Afternoon
3916,City,101,13-07-2016,22:08:00,Hyderabad,Canceled,Rider No-show,0,30,,Wednesday,Night
4514,City,101,14-07-2016,09:16:00,Hyderabad,Completed,,116,0,,Thursday,Morning
6604,City,101,15-07-2016,21:42:00,Hyderabad,Completed,,292,0,,Friday,Night
373,Airport,102,11-07-2016,08:09:00,Hyderabad,Completed,,243,0,,Monday,Morning
1338,Airport,102,11-07-2016,23:23:00,Hyderabad,Completed,,140,0,,Monday,Night
1830,City,102,12-07-2016,09:33:00,Hyderabad,Completed,,115,0,,Tuesday,Morning
2274,City,102,12-07-2016,18:33:00,Hyderabad,Completed,,121,0,,Tuesday,Evening
3224,Airport,102,13-07-2016,09:52:00,Hyderabad,Completed,,290,0,,Wednesday,Morning
5321,City,102,14-07-2016,22:09:00,Hyderabad,Completed,,86,0,,Thursday,Night
5520,City,102,15-07-2016,05:17:00,Hyderabad,Canceled,Rider No-show,0,43,,Friday,Morning
5842,City,102,15-07-2016,09:04:00,Hyderabad,Completed,,115,0,,Friday,Morning
6429,Airport,102,15-07-2016,19:49:00,Hyderabad,Completed,,282,0,,Friday,Evening
6704,Airport,102,15-07-2016,22:58:00,Hyderabad,Completed,,276,0,,Friday,Night
2057,Airport,103,12-07-2016,15:02:00,Hyderabad,Completed,,92,0,,Tuesday,Afternoon
3723,Airport,103,13-07-2016,20:03:00,Hyderabad,Completed,,237,0,,Wednesday,Evening
4492,City,103,14-07-2016,09:01:00,Hyderabad,Completed,,248,0,,Thursday,Morning
5153,Airport,103,14-07-2016,20:29:00,Hyderabad,Completed,,238,0,,Thursday,Evening
6531,City,103,15-07-2016,20:49:00,Hyderabad,Completed,,274,0,,Friday,Evening
521,City,104,11-07-2016,09:48:00,Hyderabad,Completed,,263,0,,Monday,Morning
1850,City,104,12-07-2016,09:45:00,Hyderabad,Completed,,207,0,,Tuesday,Morning
2851,Airport,104,13-07-2016,05:31:00,Hyderabad,Completed,,205,0,,Wednesday,Morning
5380,Airport,104,14-07-2016,23:50:00,Hyderabad,Completed,,187,0,,Thursday,Night
5917,Airport,104,15-07-2016,10:04:00,Hyderabad,Completed,,267,0,,Friday,Morning
148,Airport,105,11-07-2016,05:36:00,Hyderabad,Completed,,229,0,,Monday,Morning
1113,City,105,11-07-2016,20:18:00,Hyderabad,Completed,,110,0,,Monday,Evening
1758,Airport,105,12-07-2016,08:44:00,Hyderabad,Completed,,233,0,,Tuesday,Morning
2395,Airport,105,12-07-2016,19:55:00,Hyderabad,Completed,,130,0,,Tuesday,Evening
2708,Airport,105,13-07-2016,01:22:00,Hyderabad,Completed,,207,0,,Wednesday,Night
2995,City,105,13-07-2016,07:07:00,Hyderabad,Completed,,76,0,,Wednesday,Morning
3993,City,105,13-07-2016,23:31:00,Hyderabad,Completed,,190,0,,Wednesday,Night
4724,City,105,14-07-2016,13:52:00,Hyderabad,Completed,,227,0,,Thursday,Afternoon
5144,Airport,105,14-07-2016,20:21:00,Hyderabad,Completed,,138,0,,Thursday,Evening
5572,City,105,15-07-2016,05:46:00,Hyderabad,Completed,,200,0,,Friday,Morning
5740,Airport,105,15-07-2016,07:50:00,Hyderabad,Completed,,111,0,,Friday,Morning
5938,City,105,15-07-2016,10:16:00,Hyderabad,Completed,,253,0,,Friday,Morning
6299,City,105,15-07-2016,18:25:00,Hyderabad,Completed,,239,0,,Friday,Evening
6695,Airport,105,15-07-2016,22:45:00,Hyderabad,Completed,,246,0,,Friday,Night
507,Airport,106,11-07-2016,09:40:00,Hyderabad,Completed,,236,0,,Monday,Morning
1135,Airport,106,11-07-2016,20:37:00,Hyderabad,Completed,,65,0,,Monday,Evening
1479,City,106,12-07-2016,05:16:00,Hyderabad,Completed,,181,0,,Tuesday,Morning
3275,City,106,13-07-2016,10:39:00,Hyderabad,Completed,,118,0,,Wednesday,Morning
4078,City,106,14-07-2016,02:10:00,Hyderabad,Completed,,194,0,,Thursday,Night
4176,Airport,106,14-07-2016,05:18:00,Hyderabad,Completed,,108,0,,Thursday,Morning
4776,City,106,14-07-2016,16:16:00,Hyderabad,Completed,,60,0,,Thursday,Afternoon
4899,Airport,106,14-07-2016,18:02:00,Hyderabad,Completed,,235,0,,Thursday,Evening
35,City,107,11-07-2016,02:36:00,Hyderabad,Completed,,275,0,,Monday,Night
161,Airport,107,11-07-2016,05:36:00,Hyderabad,Completed,,109,0,,Monday,Morning
831,Airport,107,11-07-2016,17:30:00,Hyderabad,Completed,,208,0,,Monday,Evening
1080,Airport,107,11-07-2016,19:59:00,Hyderabad,Completed,,265,0,,Monday,Evening
2496,City,107,12-07-2016,20:53:00,Hyderabad,Completed,,64,0,,Tuesday,Evening
3141,City,107,13-07-2016,08:58:00,Hyderabad,Completed,,183,0,,Wednesday,Morning
3297,City,107,13-07-2016,11:37:00,Hyderabad,Completed,,229,0,,Wednesday,Morning
3602,Airport,107,13-07-2016,18:40:00,Hyderabad,Completed,,175,0,,Wednesday,Evening
4150,City,107,14-07-2016,04:51:00,Hyderabad,Completed,,155,0,,Thursday,Night
4361,City,107,14-07-2016,07:29:00,Hyderabad,Completed,,171,0,,Thursday,Morning
4642,City,107,14-07-2016,11:44:00,Hyderabad,Completed,,271,0,,Thursday,Morning
4752,City,107,14-07-2016,15:19:00,Hyderabad,Completed,,152,0,,Thursday,Afternoon
4849,City,107,14-07-2016,17:39:00,Hyderabad,Canceled,Driver No-show,0,23,,Thursday,Evening
6199,City,107,15-07-2016,17:25:00,Hyderabad,Completed,,295,0,,Friday,Evening
241,City,108,11-07-2016,06:31:00,Hyderabad,Completed,,126,0,,Monday,Morning
1339,Airport,108,11-07-2016,23:25:00,Hyderabad,Completed,,246,0,,Monday,Night
1454,City,108,12-07-2016,04:54:00,Hyderabad,Completed,,101,0,,Tuesday,Night
4342,City,108,14-07-2016,07:17:00,Hyderabad,Completed,,221,0,,Thursday,Morning
6766,City,108,15-07-2016,00:06:00,Hyderabad,Completed,,184,0,,Friday,Night
6213,City,108,15-07-2016,17:30:00,Hyderabad,Completed,,100,0,,Friday,Evening
41,City,109,11-07-2016,02:47:00,Hyderabad,Completed,,90,0,,Monday,Night
279,Airport,109,11-07-2016,06:58:00,Hyderabad,Completed,,221,0,,Monday,Morning
952,City,109,11-07-2016,18:39:00,Hyderabad,Completed,,117,0,,Monday,Evening
1200,Airport,109,11-07-2016,21:13:00,Hyderabad,Completed,,82,0,,Monday,Night
1775,City,109,12-07-2016,08:57:00,Hyderabad,Canceled,Technical Issue,0,42,,Tuesday,Morning
1953,Airport,109,12-07-2016,11:38:00,Hyderabad,Completed,,263,0,,Tuesday,Morning
3270,City,109,13-07-2016,10:28:00,Hyderabad,Canceled,Technical Issue,0,38,,Wednesday,Morning
3497,Airport,109,13-07-2016,17:32:00,Hyderabad,Completed,,264,0,,Wednesday,Evening
3897,Airport,109,13-07-2016,22:00:00,Hyderabad,Completed,,172,0,,Wednesday,Night
4601,City,109,14-07-2016,10:13:00,Hyderabad,Completed,,91,0,,Thursday,Morning
4621,Airport,109,14-07-2016,11:02:00,Hyderabad,Completed,,133,0,,Thursday,Morning
5061,City,109,14-07-2016,19:29:00,Hyderabad,Completed,,253,0,,Thursday,Evening
5359,City,109,14-07-2016,23:21:00,Hyderabad,Completed,,64,0,,Thursday,Night
6179,Airport,109,15-07-2016,16:53:00,Hyderabad,Completed,,72,0,,Friday,Afternoon
469,Airport,110,11-07-2016,09:24:00,Hyderabad,Canceled,Rider No-show,0,31,,Monday,Morning
914,City,110,11-07-2016,18:17:00,Hyderabad,Completed,,237,0,,Monday,Evening
1386,Airport,110,12-07-2016,01:30:00,Hyderabad,Completed,,75,0,,Tuesday,Night
1935,City,110,12-07-2016,11:16:00,Hyderabad,Canceled,Driver No-show,0,41,,Tuesday,Morning
3243,Airport,110,13-07-2016,10:03:00,Hyderabad,Completed,,92,0,,Wednesday,Morning
3449,City,110,13-07-2016,16:52:00,Hyderabad,Completed,,128,0,,Wednesday,Afternoon
4500,City,110,14-07-2016,09:04:00,Hyderabad,Completed,,263,0,,Thursday,Morning
5328,Airport,110,14-07-2016,22:10:00,Hyderabad,Completed,,168,0,,Thursday,Night
5576,City,110,15-07-2016,05:53:00,Hyderabad,Completed,,236,0,,Friday,Morning
6112,Airport,110,15-07-2016,15:06:00,Hyderabad,Completed,,290,0,,Friday,Afternoon
6438,Airport,110,15-07-2016,19:54:00,Hyderabad,Completed,,266,0,,Friday,Evening
707,Airport,111,11-07-2016,14:17:00,Hyderabad,Completed,,77,0,,Monday,Afternoon
1136,Airport,111,11-07-2016,20:32:00,Hyderabad,Completed,,101,0,,Monday,Evening
2961,Airport,111,13-07-2016,06:48:00,Hyderabad,Completed,,293,0,,Wednesday,Morning
3428,City,111,13-07-2016,15:55:00,Hyderabad,Completed,,147,0,,Wednesday,Afternoon
4045,Airport,111,14-07-2016,00:56:00,Hyderabad,Completed,,130,0,,Thursday,Night
5399,City,111,15-07-2016,00:58:00,Hyderabad,Completed,,281,0,,Friday,Night
5730,City,111,15-07-2016,07:50:00,Hyderabad,Completed,,257,0,,Friday,Morning
180,Airport,112,11-07-2016,05:48:00,Hyderabad,Completed,,53,0,,Monday,Morning
1694,City,112,12-07-2016,07:54:00,Hyderabad,Completed,,161,0,,Tuesday,Morning
2294,City,112,12-07-2016,18:47:00,Hyderabad,Completed,,154,0,,Tuesday,Evening
3630,City,112,13-07-2016,18:59:00,Hyderabad,Completed,,251,0,,Wednesday,Evening
3978,City,112,13-07-2016,23:18:00,Hyderabad,Completed,,186,0,,Wednesday,Night
4426,City,112,14-07-2016,08:21:00,Hyderabad,Completed,,244,0,,Thursday,Morning
5115,Airport,112,14-07-2016,20:03:00,Hyderabad,Completed,,169,0,,Thursday,Evening
5558,Airport,112,15-07-2016,05:32:00,Hyderabad,Completed,,296,0,,Friday,Morning
5827,Airport,112,15-07-2016,08:52:00,Hyderabad,Completed,,129,0,,Friday,Morning
6063,Airport,112,15-07-2016,13:48:00,Hyderabad,Completed,,229,0,,Friday,Afternoon
6691,Airport,112,15-07-2016,22:47:00,Hyderabad,Completed,,71,0,,Friday,Night
170,City,113,11-07-2016,05:45:00,Hyderabad,Completed,,96,0,,Monday,Morning
1326,Airport,113,11-07-2016,23:06:00,Hyderabad,Completed,,63,0,,Monday,Night
1476,City,113,12-07-2016,05:16:00,Hyderabad,Canceled,Rider No-show,0,40,,Tuesday,Morning
2937,Airport,113,13-07-2016,06:27:00,Hyderabad,Completed,,272,0,,Wednesday,Morning
3973,City,113,13-07-2016,22:58:00,Hyderabad,Completed,,236,0,,Wednesday,Night
4644,City,113,14-07-2016,11:47:00,Hyderabad,Completed,,234,0,,Thursday,Morning
5086,Airport,113,14-07-2016,19:41:00,Hyderabad,Completed,,71,0,,Thursday,Evening
6572,Airport,113,15-07-2016,21:11:00,Hyderabad,Completed,,113,0,,Friday,Night
6755,Airport,113,15-07-2016,23:57:00,Hyderabad,Completed,,128,0,,Friday,Night
1483,City,114,12-07-2016,05:22:00,Hyderabad,Completed,,162,0,,Tuesday,Morning
1844,City,114,12-07-2016,09:40:00,Hyderabad,Completed,,122,0,,Tuesday,Morning
2120,Airport,114,12-07-2016,16:44:00,Hyderabad,Completed,,231,0,,Tuesday,Afternoon
2411,City,114,12-07-2016,20:04:00,Hyderabad,Completed,,75,0,,Tuesday,Evening
2903,Airport,114,13-07-2016,06:00:00,Hyderabad,Completed,,179,0,,Wednesday,Morning
3289,City,114,13-07-2016,11:06:00,Hyderabad,Completed,,80,0,,Wednesday,Morning
3859,Airport,114,13-07-2016,21:38:00,Hyderabad,Completed,,224,0,,Wednesday,Night
4313,City,114,14-07-2016,06:49:00,Hyderabad,Completed,,267,0,,Thursday,Morning
5325,City,114,14-07-2016,22:11:00,Hyderabad,Completed,,153,0,,Thursday,Night
5906,City,114,15-07-2016,09:56:00,Hyderabad,Canceled,Technical Issue,0,21,,Friday,Morning
6049,City,114,15-07-2016,13:27:00,Hyderabad,Completed,,85,0,,Friday,Afternoon
664,Airport,115,11-07-2016,12:58:00,Hyderabad,Completed,,130,0,,Monday,Afternoon
750,City,115,11-07-2016,15:52:00,Hyderabad,Completed,,185,0,,Monday,Afternoon
1950,City,115,12-07-2016,11:33:00,Hyderabad,Completed,,290,0,,Tuesday,Morning
2989,Airport,115,13-07-2016,07:08:00,Hyderabad,Completed,,60,0,,Wednesday,Morning
3266,Airport,115,13-07-2016,10:27:00,Hyderabad,Canceled,Rider No-show,0,41,,Wednesday,Morning
4358,Airport,115,14-07-2016,07:25:00,Hyderabad,Completed,,201,0,,Thursday,Morning
4720,Airport,115,14-07-2016,13:48:00,Hyderabad,Completed,,162,0,,Thursday,Afternoon
5019,City,115,14-07-2016,19:07:00,Hyderabad,Canceled,Driver No-show,0,20,,Thursday,Evening
5925,City,115,15-07-2016,10:08:00,Hyderabad,Completed,,146,0,,Friday,Morning
112,Airport,116,11-07-2016,05:01:00,Hyderabad,Completed,,190,0,,Monday,Morning
213,City,116,11-07-2016,06:15:00,Hyderabad,Completed,,290,0,,Monday,Morning
1818,Airport,116,12-07-2016,09:29:00,Hyderabad,Completed,,70,0,,Tuesday,Morning
2018,Airport,116,12-07-2016,13:39:00,Hyderabad,Completed,,289,0,,Tuesday,Afternoon
3231,Airport,116,13-07-2016,09:57:00,Hyderabad,Completed,,247,0,,Wednesday,Morning
3378,Airport,116,13-07-2016,14:19:00,Hyderabad,Completed,,112,0,,Wednesday,Afternoon
3896,City,116,13-07-2016,21:55:00,Hyderabad,Completed,,267,0,,Wednesday,Night
4828,City,116,14-07-2016,17:26:00,Hyderabad,Completed,,264,0,,Thursday,Evening
5944,City,116,15-07-2016,10:23:00,Hyderabad,Completed,,259,0,,Friday,Morning
6245,Airport,116,15-07-2016,17:58:00,Hyderabad,Completed,,249,0,,Friday,Evening
3957,City,117,13-07-2016,22:42:00,Hyderabad,Completed,,105,0,,Wednesday,Night
4066,Airport,117,14-07-2016,01:56:00,Hyderabad,Completed,,226,0,,Thursday,Night
4691,City,117,14-07-2016,13:01:00,Hyderabad,Completed,,124,0,,Thursday,Afternoon
6153,Airport,117,15-07-2016,16:23:00,Hyderabad,Completed,,106,0,,Friday,Afternoon
260,City,118,11-07-2016,06:45:00,Hyderabad,Completed,,169,0,,Monday,Morning
1077,Airport,118,11-07-2016,19:55:00,Hyderabad,Completed,,231,0,,Monday,Evening
1316,City,118,11-07-2016,22:54:00,Hyderabad,Completed,,253,0,,Monday,Night
1754,City,118,12-07-2016,08:42:00,Hyderabad,Completed,,80,0,,Tuesday,Morning
2086,City,118,12-07-2016,15:44:00,Hyderabad,Completed,,61,0,,Tuesday,Afternoon
3044,Airport,118,13-07-2016,07:38:00,Hyderabad,Completed,,122,0,,Wednesday,Morning
3295,City,118,13-07-2016,11:32:00,Hyderabad,Completed,,88,0,,Wednesday,Morning
3347,Airport,118,13-07-2016,12:58:00,Hyderabad,Completed,,141,0,,Wednesday,Afternoon
3801,Airport,118,13-07-2016,20:59:00,Hyderabad,Completed,,53,0,,Wednesday,Evening
4249,City,118,14-07-2016,06:03:00,Hyderabad,Completed,,237,0,,Thursday,Morning
5096,Airport,118,14-07-2016,19:52:00,Hyderabad,Completed,,127,0,,Thursday,Evening
5892,City,118,15-07-2016,09:48:00,Hyderabad,Completed,,178,0,,Friday,Morning
6281,Airport,118,15-07-2016,18:16:00,Hyderabad,Completed,,257,0,,Friday,Evening
6497,City,118,15-07-2016,20:29:00,Hyderabad,Completed,,115,0,,Friday,Evening
13,City,119,11-07-2016,01:08:00,Hyderabad,Completed,,151,0,,Monday,Night
1907,City,119,12-07-2016,10:36:00,Hyderabad,Completed,,126,0,,Tuesday,Morning
3074,City,119,13-07-2016,08:03:00,Hyderabad,Completed,,193,0,,Wednesday,Morning
3441,City,119,13-07-2016,16:27:00,Hyderabad,Completed,,119,0,,Wednesday,Afternoon
3651,City,119,13-07-2016,19:13:00,Hyderabad,Completed,,231,0,,Wednesday,Evening
4093,City,119,14-07-2016,03:06:00,Hyderabad,Completed,,272,0,,Thursday,Night
4339,City,119,14-07-2016,07:13:00,Hyderabad,Completed,,112,0,,Thursday,Morning
4753,City,119,14-07-2016,15:18:00,Hyderabad,Completed,,190,0,,Thursday,Afternoon
5933,City,119,15-07-2016,10:12:00,Hyderabad,Completed,,233,0,,Friday,Morning
1184,City,120,11-07-2016,21:01:00,Hyderabad,Completed,,109,0,,Monday,Night
1402,Airport,120,12-07-2016,02:48:00,Hyderabad,Completed,,105,0,,Tuesday,Night
1597,City,120,12-07-2016,06:40:00,Hyderabad,Completed,,223,0,,Tuesday,Morning
2702,City,120,13-07-2016,01:12:00,Hyderabad,Completed,,76,0,,Wednesday,Night
2996,City,120,13-07-2016,07:13:00,Hyderabad,Completed,,263,0,,Wednesday,Morning
4857,Airport,120,14-07-2016,17:34:00,Hyderabad,Completed,,225,0,,Thursday,Evening
6661,City,120,15-07-2016,22:20:00,Hyderabad,Completed,,87,0,,Friday,Night
134,Airport,121,11-07-2016,05:13:00,Hyderabad,Completed,,262,0,,Monday,Morning
598,City,121,11-07-2016,11:36:00,Hyderabad,Completed,,81,0,,Monday,Morning
726,Airport,121,11-07-2016,15:00:00,Hyderabad,Completed,,275,0,,Monday,Afternoon
832,Airport,121,11-07-2016,17:38:00,Hyderabad,Completed,,180,0,,Monday,Evening
2065,City,121,12-07-2016,15:06:00,Hyderabad,Completed,,268,0,,Tuesday,Afternoon
2701,Airport,121,13-07-2016,01:04:00,Hyderabad,Completed,,193,0,,Wednesday,Night
3429,City,121,13-07-2016,15:59:00,Hyderabad,Completed,,216,0,,Wednesday,Afternoon
3645,City,121,13-07-2016,19:07:00,Hyderabad,Completed,,195,0,,Wednesday,Evening
4958,City,121,14-07-2016,18:36:00,Hyderabad,Completed,,140,0,,Thursday,Evening
5474,City,121,15-07-2016,04:45:00,Hyderabad,Completed,,211,0,,Friday,Night
6088,City,121,15-07-2016,14:29:00,Hyderabad,Completed,,203,0,,Friday,Afternoon
6714,Airport,121,15-07-2016,23:12:00,Hyderabad,Completed,,278,0,,Friday,Night
1024,Airport,122,11-07-2016,19:20:00,Hyderabad,Completed,,130,0,,Monday,Evening
1452,City,122,12-07-2016,04:52:00,Hyderabad,Completed,,154,0,,Tuesday,Night
2507,City,122,12-07-2016,21:05:00,Hyderabad,Completed,,189,0,,Tuesday,Night
3052,Airport,122,13-07-2016,07:43:00,Hyderabad,Completed,,184,0,,Wednesday,Morning
4702,Airport,122,14-07-2016,13:13:00,Hyderabad,Completed,,77,0,,Thursday,Afternoon
4830,Airport,122,14-07-2016,17:23:00,Hyderabad,Canceled,Technical Issue,0,31,,Thursday,Evening
5920,Airport,122,15-07-2016,10:06:00,Hyderabad,Completed,,134,0,,Friday,Morning
533,Airport,123,11-07-2016,09:55:00,Hyderabad,Completed,,88,0,,Monday,Morning
1368,City,123,12-07-2016,00:07:00,Hyderabad,Completed,,297,0,,Tuesday,Night
2499,Airport,123,12-07-2016,20:55:00,Hyderabad,Completed,,218,0,,Tuesday,Evening
2962,City,123,13-07-2016,06:47:00,Hyderabad,Completed,,157,0,,Wednesday,Morning
3617,Airport,123,13-07-2016,18:55:00,Hyderabad,Completed,,243,0,,Wednesday,Evening
5370,City,123,14-07-2016,23:43:00,Hyderabad,Completed,,228,0,,Thursday,Night
47,City,124,11-07-2016,03:22:00,Hyderabad,Completed,,138,0,,Monday,Night
270,City,124,11-07-2016,06:54:00,Hyderabad,Completed,,62,0,,Monday,Morning
1007,City,124,11-07-2016,19:14:00,Hyderabad,Completed,,262,0,,Monday,Evening
2372,City,124,12-07-2016,19:35:00,Hyderabad,Completed,,63,0,,Tuesday,Evening
3584,Airport,124,13-07-2016,18:29:00,Hyderabad,Completed,,175,0,,Wednesday,Evening
4645,Airport,124,14-07-2016,11:45:00,Hyderabad,Completed,,273,0,,Thursday,Morning
5219,City,124,14-07-2016,21:00:00,Hyderabad,Canceled,Technical Issue,0,41,,Thursday,Night
5559,Airport,124,15-07-2016,05:39:00,Hyderabad,Completed,,268,0,,Friday,Morning
631,Airport,125,11-07-2016,12:19:00,Hyderabad,Completed,,162,0,,Monday,Afternoon
775,City,125,11-07-2016,16:29:00,Hyderabad,Completed,,113,0,,Monday,Afternoon
1006,Airport,125,11-07-2016,19:08:00,Hyderabad,Completed,,182,0,,Monday,Evening
1995,City,125,12-07-2016,12:51:00,Hyderabad,Completed,,122,0,,Tuesday,Afternoon
2248,City,125,12-07-2016,18:23:00,Hyderabad,Canceled,Driver No-show,0,49,,Tuesday,Evening
2540,Airport,125,12-07-2016,21:15:00,Hyderabad,Canceled,Rider No-show,0,22,,Tuesday,Night
3037,Airport,125,13-07-2016,07:33:00,Hyderabad,Canceled,Driver No-show,0,30,,Wednesday,Morning
3419,Airport,125,13-07-2016,15:42:00,Hyderabad,Completed,,139,0,,Wednesday,Afternoon
3987,City,125,13-07-2016,23:18:00,Hyderabad,Completed,,98,0,,Wednesday,Night
4458,City,125,14-07-2016,08:38:00,Hyderabad,Completed,,66,0,,Thursday,Morning
4987,Airport,125,14-07-2016,18:46:00,Hyderabad,Completed,,249,0,,Thursday,Evening
5868,City,125,15-07-2016,09:16:00,Hyderabad,Completed,,237,0,,Friday,Morning
6413,Airport,125,15-07-2016,19:40:00,Hyderabad,Completed,,174,0,,Friday,Evening
6533,City,125,15-07-2016,20:52:00,Hyderabad,Completed,,224,0,,Friday,Evening
90,Airport,126,11-07-2016,04:53:00,Hyderabad,Completed,,288,0,,Monday,Night
532,City,126,11-07-2016,09:53:00,Hyderabad,Completed,,59,0,,Monday,Morning
1110,City,126,11-07-2016,20:17:00,Hyderabad,Completed,,289,0,,Monday,Evening
1759,Airport,126,12-07-2016,08:46:00,Hyderabad,Completed,,177,0,,Tuesday,Morning
2147,City,126,12-07-2016,17:21:00,Hyderabad,Completed,,264,0,,Tuesday,Evening
3254,Airport,126,13-07-2016,10:11:00,Hyderabad,Completed,,102,0,,Wednesday,Morning
3381,Airport,126,13-07-2016,14:25:00,Hyderabad,Completed,,171,0,,Wednesday,Afternoon
3656,City,126,13-07-2016,19:11:00,Hyderabad,Completed,,163,0,,Wednesday,Evening
3948,Airport,126,13-07-2016,22:37:00,Hyderabad,Canceled,Technical Issue,0,35,,Wednesday,Night
4520,City,126,14-07-2016,09:23:00,Hyderabad,Completed,,133,0,,Thursday,Morning
4723,Airport,126,14-07-2016,13:50:00,Hyderabad,Completed,,201,0,,Thursday,Afternoon
5176,City,126,14-07-2016,20:37:00,Hyderabad,Completed,,,0,,Thursday,Evening
